lat,lon
40.701863,-74.015915
40.70186402,-74.01590257
40.7018678,-74.01585643
40.70187495,-74.015769
40.70188548,-74.0156403
40.70189931,-74.0154712
40.70191421,-74.0152891
40.70192911,-74.01510697
40.689582,-73.886988
40.689582,-73.886988
40.689582,-73.886988
40.68958771,-73.88699798
40.68958771,-73.88699798
40.68958771,-73.88699798
40.68960889,-73.88703503
40.68960889,-73.88703503
40.68960889,-73.88703503
40.68964903,-73.88710522
40.68964903,-73.88710522
40.68964903,-73.88710522
40.68970812,-73.88720856
40.68970812,-73.88720856
40.68970812,-73.88720856
40.68978575,-73.88734433
40.68978575,-73.88734433
40.68978575,-73.88734433
40.68986932,-73.8874905
40.68986932,-73.8874905
40.68986932,-73.8874905
40.6899529,-73.88763667
40.6899529,-73.88763667
40.6899529,-73.88763667
40.69003648,-73.88778284
40.69003648,-73.88778284
40.69003648,-73.88778284
40.69012006,-73.88792903
40.69012006,-73.88792903
40.69012006,-73.88792903
40.69020365,-73.88807521
40.69020365,-73.88807521
40.69020365,-73.88807521
40.69028724,-73.88822141
40.69028724,-73.88822141
40.69028724,-73.88822141
40.69037083,-73.88836761
40.69037083,-73.88836761
40.69037083,-73.88836761
40.69045443,-73.88851381
40.69045443,-73.88851381
40.69045443,-73.88851381
40.69053803,-73.88866003
40.69053803,-73.88866003
40.69053803,-73.88866003
40.69062163,-73.88880624
40.69062163,-73.88880624
40.69062163,-73.88880624
40.69070523,-73.88895247
40.69070523,-73.88895247
40.69070523,-73.88895247
40.69078884,-73.88909869
40.69078884,-73.88909869
40.69078884,-73.88909869
40.69087245,-73.88924493
40.69087245,-73.88924493
40.69087245,-73.88924493
40.69095606,-73.88939117
40.69095606,-73.88939117
40.69095606,-73.88939117
40.69103968,-73.88953741
40.69103968,-73.88953741
40.69103968,-73.88953741
40.69112329,-73.88968367
40.69112329,-73.88968367
40.69112329,-73.88968367
40.69120692,-73.88982992
40.69120692,-73.88982992
40.69120692,-73.88982992
40.69129054,-73.88997619
40.69129054,-73.88997619
40.69129054,-73.88997619
40.69137417,-73.89012245
40.69137417,-73.89012245
40.69137417,-73.89012245
40.6914578,-73.89026873
40.6914578,-73.89026873
40.6914578,-73.89026873
40.69154143,-73.89041501
40.69154143,-73.89041501
40.69154143,-73.89041501
40.69162507,-73.89056129
40.69162507,-73.89056129
40.69162507,-73.89056129
40.6917087,-73.89070759
40.6917087,-73.89070759
40.6917087,-73.89070759
40.69179235,-73.89085388
40.69179235,-73.89085388
40.69179235,-73.89085388
40.69187599,-73.89100019
40.69187599,-73.89100019
40.69187599,-73.89100019
40.69195964,-73.89114649
40.69195964,-73.89114649
40.69195964,-73.89114649
40.69204329,-73.89129281
40.69204329,-73.89129281
40.69204329,-73.89129281
40.69212694,-73.89143913
40.69212694,-73.89143913
40.69212694,-73.89143913
40.6922106,-73.89158545
40.6922106,-73.89158545
40.6922106,-73.89158545
40.69229425,-73.89173179
40.69229425,-73.89173179
40.69229425,-73.89173179
40.69237792,-73.89187812
40.69237792,-73.89187812
40.69237792,-73.89187812
40.69246158,-73.89202447
40.69246158,-73.89202447
40.69246158,-73.89202447
40.69254525,-73.89217081
40.69254525,-73.89217081
40.69254525,-73.89217081
40.69262892,-73.89231717
40.69262892,-73.89231717
40.69262892,-73.89231717
40.69271259,-73.89246353
40.69271259,-73.89246353
40.69271259,-73.89246353
40.69279627,-73.89260989
40.69279627,-73.89260989
40.69279627,-73.89260989
40.69287995,-73.89275627
40.69287995,-73.89275627
40.69287995,-73.89275627
40.69296363,-73.89290264
40.69296363,-73.89290264
40.69296363,-73.89290264
40.69304731,-73.89304903
40.69304731,-73.89304903
40.69304731,-73.89304903
40.693131,-73.89319542
40.693131,-73.89319542
40.693131,-73.89319542
40.73516696,-73.94350021
40.69321469,-73.89334181
40.69321469,-73.89334181
40.69321469,-73.89334181
40.7350467,-73.9433843
40.69329838,-73.89348821
40.69329838,-73.89348821
40.69329838,-73.89348821
40.73492644,-73.94326838
40.69338208,-73.89363462
40.69338208,-73.89363462
40.69338208,-73.89363462
40.73480618,-73.94315247
40.69346578,-73.89378103
40.69346578,-73.89378103
40.69346578,-73.89378103
40.73468593,-73.94303655
40.69354948,-73.89392745
40.69354948,-73.89392745
40.69354948,-73.89392745
40.73456567,-73.94292064
40.69363318,-73.89407387
40.69363318,-73.89407387
40.69363318,-73.89407387
40.73444541,-73.94280473
40.69371689,-73.8942203
40.69371689,-73.8942203
40.69371689,-73.8942203
40.73432515,-73.94268881
40.6938006,-73.89436673
40.6938006,-73.89436673
40.6938006,-73.89436673
40.73420489,-73.9425729
40.69388432,-73.89451317
40.69388432,-73.89451317
40.69388432,-73.89451317
40.73408464,-73.94245699
40.69396803,-73.89465962
40.69396803,-73.89465962
40.69396803,-73.89465962
40.73396438,-73.94234108
40.69405175,-73.89480607
40.69405175,-73.89480607
40.69405175,-73.89480607
40.73384412,-73.94222517
40.69413547,-73.89495253
40.69413547,-73.89495253
40.69413547,-73.89495253
40.73372386,-73.94210926
40.6942192,-73.89509899
40.6942192,-73.89509899
40.6942192,-73.89509899
40.7336036,-73.94199335
40.69430293,-73.89524546
40.69430293,-73.89524546
40.69430293,-73.89524546
40.73348334,-73.94187744
40.69438666,-73.89539194
40.69438666,-73.89539194
40.69438666,-73.89539194
40.73336308,-73.94176153
40.69447039,-73.89553842
40.69447039,-73.89553842
40.69447039,-73.89553842
40.73324282,-73.94164562
40.69455413,-73.8956849
40.69455413,-73.8956849
40.69455413,-73.8956849
40.73312256,-73.94152971
40.69463787,-73.89583139
40.69463787,-73.89583139
40.69463787,-73.89583139
40.7330023,-73.9414138
40.69472161,-73.89597789
40.69472161,-73.89597789
40.69472161,-73.89597789
40.73288204,-73.94129789
40.69480535,-73.8961244
40.69480535,-73.8961244
40.69480535,-73.8961244
40.73276178,-73.94118198
40.6948891,-73.89627091
40.6948891,-73.89627091
40.6948891,-73.89627091
40.73264152,-73.94106608
40.69497285,-73.89641742
40.69497285,-73.89641742
40.69497285,-73.89641742
40.73252126,-73.94095017
40.69505661,-73.89656394
40.69505661,-73.89656394
40.69505661,-73.89656394
40.732401,-73.94083426
40.69514036,-73.89671047
40.69514036,-73.89671047
40.69514036,-73.89671047
40.73228074,-73.94071836
40.69522412,-73.896857
40.69522412,-73.896857
40.69522412,-73.896857
40.73216048,-73.94060245
40.69530789,-73.89700354
40.69530789,-73.89700354
40.69530789,-73.89700354
40.73204022,-73.94048655
40.69539165,-73.89715008
40.69539165,-73.89715008
40.69539165,-73.89715008
40.73191996,-73.94037064
40.69547542,-73.89729663
40.69547542,-73.89729663
40.69547542,-73.89729663
40.7317997,-73.94025474
40.69555919,-73.89744319
40.69555919,-73.89744319
40.69555919,-73.89744319
40.73167944,-73.94013884
40.69564296,-73.89758975
40.69564296,-73.89758975
40.69564296,-73.89758975
40.73155918,-73.94002293
40.69572674,-73.89773631
40.69572674,-73.89773631
40.69572674,-73.89773631
40.73143892,-73.93990703
40.69581052,-73.89788289
40.69581052,-73.89788289
40.69581052,-73.89788289
40.73131866,-73.93979113
40.6958943,-73.89802947
40.6958943,-73.89802947
40.6958943,-73.89802947
40.7311984,-73.93967522
40.69597809,-73.89817605
40.69597809,-73.89817605
40.69597809,-73.89817605
40.73107813,-73.93955932
40.69606188,-73.89832264
40.69606188,-73.89832264
40.69606188,-73.89832264
40.73095787,-73.93944342
40.69614567,-73.89846923
40.69614567,-73.89846923
40.69614567,-73.89846923
40.73083761,-73.93932752
40.69622946,-73.89861584
40.69622946,-73.89861584
40.69622946,-73.89861584
40.73071735,-73.93921162
40.69631326,-73.89876244
40.69631326,-73.89876244
40.69631326,-73.89876244
40.73059709,-73.93909572
40.69639706,-73.89890906
40.69639706,-73.89890906
40.69639706,-73.89890906
40.73047683,-73.93897982
40.69648086,-73.89905567
40.69648086,-73.89905567
40.69648086,-73.89905567
40.73035656,-73.93886392
40.69656467,-73.8992023
40.69656467,-73.8992023
40.69656467,-73.8992023
40.7302363,-73.93874802
40.69664848,-73.89934893
40.69664848,-73.89934893
40.69664848,-73.89934893
40.73011604,-73.93863213
40.69673229,-73.89949556
40.69673229,-73.89949556
40.69673229,-73.89949556
40.72999578,-73.93851623
40.6968161,-73.89964221
40.6968161,-73.89964221
40.6968161,-73.89964221
40.72987551,-73.93840033
40.69689992,-73.89978885
40.69689992,-73.89978885
40.69689992,-73.89978885
40.72975525,-73.93828443
40.69698374,-73.89993551
40.69698374,-73.89993551
40.69698374,-73.89993551
40.72963499,-73.93816854
40.69706757,-73.90008216
40.69706757,-73.90008216
40.69706757,-73.90008216
40.72951473,-73.93805264
40.69715139,-73.90022883
40.69715139,-73.90022883
40.69715139,-73.90022883
40.69723522,-73.9003755
40.69723522,-73.9003755
40.69723522,-73.9003755
40.69731905,-73.90052218
40.69731905,-73.90052218
40.69731905,-73.90052218
40.69740289,-73.90066886
40.69740289,-73.90066886
40.69740289,-73.90066886
40.69748672,-73.90081554
40.69748672,-73.90081554
40.69748672,-73.90081554
40.69757057,-73.90096224
40.69757057,-73.90096224
40.69757057,-73.90096224
40.69765441,-73.90110894
40.69765441,-73.90110894
40.69765441,-73.90110894
40.69773825,-73.90125564
40.69773825,-73.90125564
40.69773825,-73.90125564
40.6978221,-73.90140235
40.6978221,-73.90140235
40.6978221,-73.90140235
40.69790596,-73.90154907
40.69790596,-73.90154907
40.69790596,-73.90154907
40.69798981,-73.90169579
40.69798981,-73.90169579
40.69798981,-73.90169579
40.69807367,-73.90184252
40.69807367,-73.90184252
40.69807367,-73.90184252
40.69815753,-73.90198925
40.69815753,-73.90198925
40.69815753,-73.90198925
40.69824139,-73.90213599
40.69824139,-73.90213599
40.69824139,-73.90213599
40.69832526,-73.90228274
40.69832526,-73.90228274
40.69832526,-73.90228274
40.69840913,-73.90242949
40.69840913,-73.90242949
40.69840913,-73.90242949
40.698493,-73.90257625
40.698493,-73.90257625
40.698493,-73.90257625
40.69857688,-73.90272301
40.69857688,-73.90272301
40.69857688,-73.90272301
40.69866076,-73.90286978
40.69866076,-73.90286978
40.69866076,-73.90286978
40.69874464,-73.90301655
40.69874464,-73.90301655
40.69874464,-73.90301655
40.69882852,-73.90316333
40.69882852,-73.90316333
40.69882852,-73.90316333
40.69891241,-73.90331012
40.69891241,-73.90331012
40.69891241,-73.90331012
40.6989963,-73.90345691
40.6989963,-73.90345691
40.6989963,-73.90345691
40.69908019,-73.9036037
40.69908019,-73.9036037
40.69908019,-73.9036037
40.69916409,-73.90375051
40.69916409,-73.90375051
40.69916409,-73.90375051
40.69924798,-73.90389732
40.69924798,-73.90389732
40.69924798,-73.90389732
40.69933189,-73.90404413
40.69933189,-73.90404413
40.69933189,-73.90404413
40.69941579,-73.90419095
40.69941579,-73.90419095
40.69941579,-73.90419095
40.6994997,-73.90433778
40.6994997,-73.90433778
40.6994997,-73.90433778
40.69958361,-73.90448461
40.69958361,-73.90448461
40.69958361,-73.90448461
40.69966752,-73.90463145
40.69966752,-73.90463145
40.69966752,-73.90463145
40.69975144,-73.90477829
40.69975144,-73.90477829
40.69975144,-73.90477829
40.69983536,-73.90492514
40.69983536,-73.90492514
40.69983536,-73.90492514
40.69991928,-73.90507199
40.69991928,-73.90507199
40.69991928,-73.90507199
40.7000032,-73.90521885
40.7000032,-73.90521885
40.7000032,-73.90521885
40.70008713,-73.90536572
40.70008713,-73.90536572
40.70008713,-73.90536572
40.70017106,-73.90551259
40.70017106,-73.90551259
40.70017106,-73.90551259
40.70025499,-73.90565947
40.70025499,-73.90565947
40.70025499,-73.90565947
40.70033893,-73.90580635
40.70033893,-73.90580635
40.70033893,-73.90580635
40.70042287,-73.90595324
40.70042287,-73.90595324
40.70042287,-73.90595324
40.70050681,-73.90610014
40.70050681,-73.90610014
40.70050681,-73.90610014
40.70059076,-73.90624704
40.70059076,-73.90624704
40.70059076,-73.90624704
40.7006747,-73.90639395
40.7006747,-73.90639395
40.7006747,-73.90639395
40.70075865,-73.90654086
40.70075865,-73.90654086
40.70075865,-73.90654086
40.70084261,-73.90668778
40.70084261,-73.90668778
40.70084261,-73.90668778
40.70092656,-73.9068347
40.70092656,-73.9068347
40.70092656,-73.9068347
40.70101052,-73.90698163
40.70101052,-73.90698163
40.70101052,-73.90698163
40.70109449,-73.90712857
40.70109449,-73.90712857
40.70109449,-73.90712857
40.689582,-73.886988
40.70117845,-73.90727551
40.70117845,-73.90727551
40.70117845,-73.90727551
40.6895901,-73.88698151
40.70126242,-73.90742246
40.70126242,-73.90742246
40.70126242,-73.90742246
40.68962017,-73.88695742
40.70134639,-73.90756941
40.70134639,-73.90756941
40.70134639,-73.90756941
40.68967714,-73.88691177
40.70143037,-73.90771637
40.70143037,-73.90771637
40.70143037,-73.90771637
40.68976102,-73.88684457
40.70151434,-73.90786333
40.70151434,-73.90786333
40.70151434,-73.90786333
40.68987122,-73.88675628
40.70159832,-73.9080103
40.70159832,-73.9080103
40.70159832,-73.9080103
40.68998989,-73.8866612
40.7016823,-73.90815728
40.7016823,-73.90815728
40.7016823,-73.90815728
40.69010858,-73.88656611
40.70176629,-73.90830426
40.70176629,-73.90830426
40.70176629,-73.90830426
40.69022729,-73.886471
40.70185028,-73.90845125
40.70185028,-73.90845125
40.70185028,-73.90845125
40.69034601,-73.88637588
40.70193427,-73.90859824
40.70193427,-73.90859824
40.70193427,-73.90859824
40.69046475,-73.88628075
40.70201826,-73.90874524
40.70201826,-73.90874524
40.70201826,-73.90874524
40.69058351,-73.88618559
40.70210226,-73.90889225
40.70210226,-73.90889225
40.70210226,-73.90889225
40.69070229,-73.88609043
40.70218626,-73.90903926
40.70218626,-73.90903926
40.70218626,-73.90903926
40.69082109,-73.88599525
40.70227027,-73.90918627
40.70227027,-73.90918627
40.70227027,-73.90918627
40.6909399,-73.88590005
40.70235427,-73.9093333
40.70235427,-73.9093333
40.70235427,-73.9093333
40.69105873,-73.88580484
40.70243828,-73.90948033
40.70243828,-73.90948033
40.70243828,-73.90948033
40.69117758,-73.88570962
40.70252229,-73.90962736
40.70252229,-73.90962736
40.70252229,-73.90962736
40.69129645,-73.88561438
40.70260631,-73.9097744
40.70260631,-73.9097744
40.70260631,-73.9097744
40.69141533,-73.88551913
40.70269032,-73.90992145
40.70269032,-73.90992145
40.70269032,-73.90992145
40.69153423,-73.88542386
40.70277435,-73.9100685
40.70277435,-73.9100685
40.70277435,-73.9100685
40.69165315,-73.88532858
40.70285837,-73.91021555
40.70285837,-73.91021555
40.70285837,-73.91021555
40.69177209,-73.88523328
40.7029424,-73.91036262
40.7029424,-73.91036262
40.7029424,-73.91036262
40.69189105,-73.88513797
40.70302642,-73.91050968
40.70302642,-73.91050968
40.70302642,-73.91050968
40.69201002,-73.88504264
40.70311045,-73.91065675
40.70311045,-73.91065675
40.70311045,-73.91065675
40.69212901,-73.8849473
40.70319448,-73.91080382
40.70319448,-73.91080382
40.70319448,-73.91080382
40.69224802,-73.88485194
40.70327851,-73.91095089
40.70327851,-73.91095089
40.70327851,-73.91095089
40.69236705,-73.88475657
40.70336253,-73.91109796
40.70336253,-73.91109796
40.70336253,-73.91109796
40.69248609,-73.88466119
40.70344656,-73.91124502
40.70344656,-73.91124502
40.70344656,-73.91124502
40.69260515,-73.88456579
40.70353059,-73.91139209
40.70353059,-73.91139209
40.70353059,-73.91139209
40.69272423,-73.88447037
40.70361462,-73.91153916
40.70361462,-73.91153916
40.70361462,-73.91153916
40.69284333,-73.88437494
40.701863,-74.015915
40.70369864,-73.91168623
40.70369864,-73.91168623
40.70369864,-73.91168623
40.69296244,-73.8842795
40.70185424,-74.01591911
40.70378267,-73.9118333
40.70378267,-73.9118333
40.70378267,-73.9118333
40.69308158,-73.88418404
40.70182094,-74.0159341
40.7038667,-73.91198038
40.7038667,-73.91198038
40.7038667,-73.91198038
40.69320073,-73.88408857
40.70175785,-74.0159625
40.70395072,-73.91212745
40.70395072,-73.91212745
40.70395072,-73.91212745
40.6933199,-73.88399308
40.70166497,-74.01600431
40.70403475,-73.91227452
40.70403475,-73.91227452
40.70403475,-73.91227452
40.69343909,-73.88389757
40.70154295,-74.01605925
40.70411877,-73.91242159
40.70411877,-73.91242159
40.70411877,-73.91242159
40.69355829,-73.88380206
40.70141157,-74.01611839
40.7042028,-73.91256866
40.7042028,-73.91256866
40.7042028,-73.91256866
40.69367751,-73.88370652
40.70428682,-73.91271573
40.70428682,-73.91271573
40.70428682,-73.91271573
40.69379675,-73.88361098
40.70437085,-73.91286281
40.70437085,-73.91286281
40.70437085,-73.91286281
40.69391601,-73.88351542
40.70445488,-73.91300988
40.70445488,-73.91300988
40.70445488,-73.91300988
40.69403529,-73.88341984
40.7045389,-73.91315695
40.7045389,-73.91315695
40.7045389,-73.91315695
40.69415458,-73.88332425
40.70462293,-73.91330403
40.70462293,-73.91330403
40.70462293,-73.91330403
40.69427632,-73.88322987
40.70470695,-73.9134511
40.70470695,-73.9134511
40.70470695,-73.9134511
40.69443098,-73.88315839
40.70479097,-73.91359818
40.70479097,-73.91359818
40.70479097,-73.91359818
40.69460169,-73.88313257
40.704875,-73.91374525
40.704875,-73.91374525
40.704875,-73.91374525
40.6947725,-73.8831573
40.70495902,-73.91389233
40.70495902,-73.91389233
40.70495902,-73.91389233
40.69493603,-73.88322765
40.70504305,-73.9140394
40.70504305,-73.9140394
40.70504305,-73.9140394
40.69509743,-73.88330678
40.70512707,-73.91418648
40.70512707,-73.91418648
40.70512707,-73.91418648
40.69525882,-73.88338591
40.70521109,-73.91433356
40.70521109,-73.91433356
40.70521109,-73.91433356
40.69542022,-73.88346504
40.70529512,-73.91448064
40.70529512,-73.91448064
40.70529512,-73.91448064
40.69558161,-73.88354417
40.70537914,-73.91462771
40.70537914,-73.91462771
40.70537914,-73.91462771
40.69574301,-73.8836233
40.70546316,-73.91477479
40.70546316,-73.91477479
40.70546316,-73.91477479
40.6959044,-73.88370244
40.71806167,-73.92333863
40.70554718,-73.91492187
40.70554718,-73.91492187
40.70554718,-73.91492187
40.6960658,-73.88378157
40.71795259,-73.92316285
40.70563121,-73.91506895
40.70563121,-73.91506895
40.70563121,-73.91506895
40.69622719,-73.8838607
40.71784351,-73.92298707
40.70571523,-73.91521603
40.70571523,-73.91521603
40.70571523,-73.91521603
40.69638859,-73.88393984
40.71773444,-73.92281129
40.70579925,-73.91536311
40.70579925,-73.91536311
40.70579925,-73.91536311
40.69654998,-73.88401897
40.71762536,-73.92263551
40.70588327,-73.91551019
40.70588327,-73.91551019
40.70588327,-73.91551019
40.69671138,-73.88409811
40.71751628,-73.92245973
40.7059673,-73.91565727
40.7059673,-73.91565727
40.7059673,-73.91565727
40.69687277,-73.88417724
40.7174072,-73.92228395
40.70605132,-73.91580435
40.70605132,-73.91580435
40.70605132,-73.91580435
40.69703417,-73.88425638
40.71729812,-73.92210817
40.70613534,-73.91595143
40.70613534,-73.91595143
40.70613534,-73.91595143
40.69719556,-73.88433551
40.71718905,-73.92193239
40.70621936,-73.91609851
40.70621936,-73.91609851
40.70621936,-73.91609851
40.69735696,-73.88441465
40.71707997,-73.92175661
40.70630338,-73.91624559
40.70630338,-73.91624559
40.70630338,-73.91624559
40.69751835,-73.88449379
40.71697089,-73.92158084
40.7063874,-73.91639267
40.7063874,-73.91639267
40.7063874,-73.91639267
40.69767975,-73.88457292
40.71686181,-73.92140506
40.70647142,-73.91653975
40.70647142,-73.91653975
40.70647142,-73.91653975
40.69784114,-73.88465206
40.71675273,-73.92122929
40.70655544,-73.91668684
40.70655544,-73.91668684
40.70655544,-73.91668684
40.69800254,-73.8847312
40.71664365,-73.92105351
40.70663946,-73.91683392
40.70663946,-73.91683392
40.70663946,-73.91683392
40.69816393,-73.88481034
40.71653457,-73.92087774
40.70672348,-73.916981
40.70672348,-73.916981
40.70672348,-73.916981
40.69832533,-73.88488948
40.71642549,-73.92070196
40.7068075,-73.91712809
40.7068075,-73.91712809
40.7068075,-73.91712809
40.69848672,-73.88496861
40.71631641,-73.92052619
40.70688906,-73.91728039
40.70688906,-73.91728039
40.70689392,-73.91729362
40.69864811,-73.88504775
40.71620732,-73.92035042
40.70695151,-73.91745189
40.70695151,-73.91745189
40.70696411,-73.91748746
40.69880951,-73.88512689
40.71609824,-73.92017464
40.70701224,-73.91762451
40.70701224,-73.91762451
40.70703268,-73.91768235
40.6989709,-73.88520603
40.71598916,-73.91999887
40.70707298,-73.91779713
40.70707298,-73.91779713
40.70710126,-73.91787725
40.6991323,-73.88528517
40.71588008,-73.9198231
40.70713372,-73.91796975
40.70713372,-73.91796975
40.70716983,-73.91807214
40.69929494,-73.88536205
40.715771,-73.91964733
40.70719446,-73.91814237
40.70719446,-73.91814237
40.70723841,-73.91826703
40.69946718,-73.88541474
40.71566191,-73.91947156
40.7072552,-73.91831499
40.7072552,-73.91831499
40.70730698,-73.91846193
40.69963984,-73.88546512
40.71555283,-73.91929579
40.70731594,-73.91848761
40.70731594,-73.91848761
40.70737556,-73.91865682
40.69981251,-73.88551551
40.71544375,-73.91912002
40.70737668,-73.91866023
40.70737668,-73.91866023
40.70744413,-73.91885172
40.69998517,-73.8855659
40.71533467,-73.91894426
40.70743742,-73.91883285
40.70743742,-73.91883285
40.7075127,-73.91904661
40.70015784,-73.88561629
40.71522558,-73.91876849
40.70749815,-73.91900547
40.70749815,-73.91900547
40.70758128,-73.91924151
40.7003305,-73.88566667
40.7151165,-73.91859272
40.70755889,-73.91917809
40.70755889,-73.91917809
40.70764985,-73.9194364
40.70050317,-73.88571706
40.71500741,-73.91841696
40.70761963,-73.91935071
40.70761963,-73.91935071
40.70771842,-73.9196313
40.70067583,-73.88576745
40.71489833,-73.91824119
40.70768036,-73.91952333
40.70768036,-73.91952333
40.707787,-73.9198262
40.70084849,-73.88581784
40.71478925,-73.91806543
40.7077411,-73.91969596
40.7077411,-73.91969596
40.70785557,-73.92002109
40.70102116,-73.88586823
40.71468016,-73.91788966
40.70780184,-73.91986858
40.70780184,-73.91986858
40.70792414,-73.92021599
40.70119382,-73.88591862
40.71457108,-73.9177139
40.70786257,-73.9200412
40.70786257,-73.9200412
40.70799271,-73.92041089
40.70136649,-73.88596901
40.71446199,-73.91753813
40.70792331,-73.92021383
40.70792331,-73.92021383
40.70806128,-73.92060579
40.70153915,-73.8860194
40.7143529,-73.91736237
40.70798404,-73.92038645
40.70798404,-73.92038645
40.70812985,-73.92080069
40.70171182,-73.88606979
40.71424382,-73.91718661
40.70804478,-73.92055907
40.70804478,-73.92055907
40.70819842,-73.92099559
40.70188448,-73.88612018
40.71413473,-73.91701085
40.70810551,-73.9207317
40.70810551,-73.9207317
40.70826699,-73.92119049
40.70205714,-73.88617057
40.71402565,-73.91683509
40.70816625,-73.92090432
40.70816625,-73.92090432
40.70833556,-73.92138539
40.70222981,-73.88622096
40.701863,-74.015915
40.71391656,-73.91665932
40.70822698,-73.92107695
40.70822698,-73.92107695
40.70840413,-73.92158029
40.70240247,-73.88627135
40.70187248,-74.0159148
40.71380747,-73.91648356
40.70828772,-73.92124957
40.70828772,-73.92124957
40.7084727,-73.92177519
40.70257514,-73.88632175
40.70190766,-74.01591405
40.71369838,-73.91630781
40.70834845,-73.9214222
40.70834845,-73.9214222
40.70854127,-73.92197009
40.7027478,-73.88637214
40.70197431,-74.01591264
40.7135893,-73.91613205
40.70840919,-73.92159482
40.70840919,-73.92159482
40.70860984,-73.92216499
40.70292046,-73.88642253
40.70207244,-74.01591055
40.71348021,-73.91595629
40.70846992,-73.92176745
40.70846992,-73.92176745
40.70867841,-73.92235989
40.70309313,-73.88647292
40.70220136,-74.01590781
40.71337112,-73.91578053
40.70853065,-73.92194008
40.70853065,-73.92194008
40.70874698,-73.9225548
40.70326579,-73.88652332
40.70234019,-74.01590486
40.71326203,-73.91560477
40.70859139,-73.9221127
40.70859139,-73.9221127
40.70881554,-73.9227497
40.70343846,-73.88657371
40.70247903,-74.01590192
40.71315294,-73.91542902
40.70865212,-73.92228533
40.70865212,-73.92228533
40.70888411,-73.9229446
40.70361112,-73.8866241
40.71304386,-73.91525326
40.70871285,-73.92245796
40.70871285,-73.92245796
40.70895268,-73.92313951
40.70378378,-73.88667449
40.71293477,-73.91507751
40.70877358,-73.92263059
40.70877358,-73.92263059
40.70902124,-73.92333441
40.70395645,-73.88672489
40.71282568,-73.91490175
40.70883431,-73.92280321
40.70883431,-73.92280321
40.70908981,-73.92352931
40.70412911,-73.88677528
40.71271659,-73.914726
40.70889505,-73.92297584
40.70889505,-73.92297584
40.70915838,-73.92372422
40.70430178,-73.88682568
40.7126075,-73.91455024
40.70895578,-73.92314847
40.70895578,-73.92314847
40.70922694,-73.92391912
40.70447444,-73.88687607
40.71249841,-73.91437449
40.70901651,-73.9233211
40.70901651,-73.9233211
40.70929551,-73.92411403
40.7046471,-73.88692647
40.71238932,-73.91419874
40.70907724,-73.92349373
40.70907724,-73.92349373
40.70936407,-73.92430894
40.70481977,-73.88697686
40.71228023,-73.91402299
40.70913797,-73.92366636
40.70913797,-73.92366636
40.70943264,-73.92450384
40.70499243,-73.88702726
40.71217113,-73.91384723
40.7091987,-73.92383899
40.7095012,-73.92469875
40.70516509,-73.88707765
40.71206204,-73.91367148
40.70925943,-73.92401162
40.70956976,-73.92489366
40.70533776,-73.88712805
40.71195295,-73.91349573
40.70932016,-73.92418425
40.70963833,-73.92508856
40.70551042,-73.88717844
40.71184386,-73.91331998
40.70938089,-73.92435688
40.70970689,-73.92528347
40.70568309,-73.88722884
40.71173477,-73.91314424
40.70944162,-73.92452951
40.70977545,-73.92547838
40.70585575,-73.88727924
40.71162568,-73.91296849
40.70950235,-73.92470214
40.70984402,-73.92567329
40.70602841,-73.88732963
40.71151658,-73.91279274
40.70956308,-73.92487478
40.70991258,-73.9258682
40.70620108,-73.88738003
40.71140749,-73.91261699
40.70962381,-73.92504741
40.70998114,-73.92606311
40.70637374,-73.88743043
40.7112984,-73.91244125
40.70968454,-73.92522004
40.7100497,-73.92625802
40.7065464,-73.88748083
40.7111893,-73.9122655
40.70974526,-73.92539267
40.71011826,-73.92645293
40.70671907,-73.88753122
40.71108021,-73.91208975
40.71018682,-73.92664784
40.70689173,-73.88758162
40.71097112,-73.91191401
40.71025538,-73.92684275
40.70706439,-73.88763202
40.71086202,-73.91173826
40.71032394,-73.92703766
40.70723706,-73.88768242
40.71075293,-73.91156252
40.7103925,-73.92723258
40.70740972,-73.88773282
40.71064383,-73.91138678
40.71046106,-73.92742749
40.70758238,-73.88778322
40.71053474,-73.91121103
40.71052962,-73.9276224
40.70775505,-73.88783362
40.71042564,-73.91103529
40.71059818,-73.92781731
40.70792771,-73.88788402
40.71031655,-73.91085955
40.71066674,-73.92801223
40.70810037,-73.88793442
40.71020745,-73.91068381
40.7107353,-73.92820714
40.70827304,-73.88798482
40.71009835,-73.91050807
40.71080386,-73.92840206
40.78008351,-73.89118762
40.7084457,-73.88803522
40.70998926,-73.91033233
40.71087241,-73.92859697
40.78020682,-73.89110117
40.70861836,-73.88808562
40.70988016,-73.91015659
40.71094097,-73.92879189
40.78033013,-73.89101471
40.70879103,-73.88813602
40.70977107,-73.90998085
40.71100953,-73.9289868
40.78045344,-73.89092826
40.7089574,-73.88816075
40.71107809,-73.92918172
40.78057675,-73.8908418
40.70911865,-73.88813411
40.71114664,-73.92937664
40.78070006,-73.89075534
40.7092773,-73.88808546
40.7112152,-73.92957155
40.78082337,-73.89066888
40.70943595,-73.88803682
40.71128375,-73.92976647
40.78094668,-73.89058243
40.7095946,-73.88798818
40.71135231,-73.92996139
40.78106999,-73.89049597
40.70975325,-73.88793953
40.71142086,-73.93015631
40.7811933,-73.89040951
40.7099119,-73.88789089
40.71148942,-73.93035122
40.78131661,-73.89032305
40.71007055,-73.88784224
40.71155797,-73.93054614
40.78143992,-73.89023659
40.7102292,-73.8877936
40.71162653,-73.93074106
40.78156323,-73.89015013
40.71038785,-73.88774495
40.71169508,-73.93093598
40.78168654,-73.89006367
40.7105465,-73.88769631
40.71176363,-73.9311309
40.78180984,-73.88997721
40.71070515,-73.88764766
40.71183219,-73.93132582
40.78193315,-73.88989075
40.7108638,-73.88759902
40.71190074,-73.93152074
40.78205646,-73.88980429
40.71102245,-73.88755037
40.71196929,-73.93171567
40.78217977,-73.88971783
40.7111811,-73.88750172
40.71203784,-73.93191059
40.78230308,-73.88963137
40.71133975,-73.88745308
40.7121064,-73.93210551
40.78242639,-73.88954491
40.7114984,-73.88740443
40.71217495,-73.93230043
40.7825497,-73.88945845
40.71165705,-73.88735578
40.7122435,-73.93249535
40.78267301,-73.88937198
40.7118157,-73.88730714
40.71231086,-73.93269333
40.78279631,-73.88928552
40.71197435,-73.88725849
40.71235467,-73.93291859
40.78291962,-73.88919906
40.712133,-73.88720984
40.71236061,-73.9331513
40.78304293,-73.8891126
40.71229165,-73.88716119
40.71234446,-73.93338363
40.78316624,-73.88902613
40.7124503,-73.88711255
40.71232821,-73.93361594
40.78328955,-73.88893967
40.71260895,-73.8870639
40.71231195,-73.93384825
40.78341286,-73.8888532
40.7127676,-73.88701525
40.7122957,-73.93408056
40.78353616,-73.88876674
40.71292625,-73.8869666
40.71227944,-73.93431288
40.78365947,-73.88868028
40.7130849,-73.88691795
40.71226319,-73.93454519
40.78378278,-73.88859381
40.71324355,-73.8868693
40.71224693,-73.9347775
40.78390609,-73.88850734
40.7134022,-73.88682065
40.71223068,-73.93500981
40.78402939,-73.88842088
40.71356085,-73.886772
40.71221442,-73.93524212
40.7841527,-73.88833441
40.7137195,-73.88672335
40.71219816,-73.93547443
40.78427601,-73.88824795
40.71387815,-73.8866747
40.71218191,-73.93570674
40.78439932,-73.88816148
40.7140368,-73.88662605
40.71216565,-73.93593905
40.78452263,-73.88807501
40.71419545,-73.8865774
40.71214939,-73.93617137
40.78464593,-73.88798855
40.7143541,-73.88652875
40.71213313,-73.93640368
40.78476924,-73.88790208
40.71451275,-73.8864801
40.71211687,-73.93663599
40.78489255,-73.88781561
40.7146714,-73.88643145
40.71210061,-73.9368683
40.78501585,-73.88772914
40.71483005,-73.8863828
40.71208435,-73.93710061
40.78513916,-73.88764267
40.7149887,-73.88633415
40.71206809,-73.93733292
40.78526247,-73.8875562
40.71514735,-73.88628549
40.71205183,-73.93756523
40.78538578,-73.88746973
40.71530599,-73.88623684
40.71203557,-73.93779754
40.78550908,-73.88738326
40.71546464,-73.88618819
40.7120193,-73.93802985
40.78563239,-73.88729679
40.71562329,-73.88613954
40.81796509,-73.8931314
40.71200304,-73.93826216
40.7857557,-73.88721032
40.71578194,-73.88609088
40.81807418,-73.89298858
40.71198678,-73.93849447
40.785879,-73.88712385
40.71594059,-73.88604223
40.81818327,-73.89284575
40.71197051,-73.93872678
40.78600231,-73.88703738
40.81829237,-73.89270293
40.71195425,-73.93895909
40.78612562,-73.88695091
40.81840146,-73.8925601
40.71193799,-73.9391914
40.78624892,-73.88686444
40.81851055,-73.89241728
40.71192172,-73.93942371
40.78637223,-73.88677797
40.81861965,-73.89227445
40.71190545,-73.93965602
40.78649554,-73.8866915
40.81872874,-73.89213163
40.71188919,-73.93988833
40.78661884,-73.88660502
40.81883783,-73.8919888
40.71187292,-73.94012063
40.78674215,-73.88651855
40.81894692,-73.89184597
40.71185666,-73.94035294
40.78686546,-73.88643208
40.81905602,-73.89170315
40.71184039,-73.94058525
40.78698876,-73.8863456
40.81916511,-73.89156032
40.71182412,-73.94081756
40.78711207,-73.88625913
40.8192742,-73.89141749
40.71180785,-73.94104987
40.78723537,-73.88617266
40.81938329,-73.89127466
40.71170198,-73.94245624
40.71179158,-73.94128218
40.78735868,-73.88608618
40.81949238,-73.89113183
40.71168766,-73.94266412
40.71177531,-73.94151449
40.78748199,-73.88599971
40.81960147,-73.890989
40.71167334,-73.94287201
40.71175904,-73.94174679
40.78760529,-73.88591323
40.81971056,-73.89084617
40.71165902,-73.94307989
40.71174277,-73.9419791
40.7877286,-73.88582676
40.81981966,-73.89070334
40.7116447,-73.94328777
40.7117265,-73.94221141
40.7878519,-73.88574028
40.81992875,-73.89056051
40.71163038,-73.94349566
40.71171023,-73.94244372
40.78797521,-73.8856538
40.82003784,-73.89041768
40.71161607,-73.94370354
40.71169396,-73.94267603
40.78809852,-73.88556733
40.82014693,-73.89027485
40.71160175,-73.94391142
40.71167769,-73.94290833
40.78822182,-73.88548085
40.82025602,-73.89013201
40.71158743,-73.94411931
40.78834513,-73.88539437
40.82036511,-73.88998918
40.71157311,-73.94432719
40.78846843,-73.8853079
40.8204742,-73.88984635
40.71155879,-73.94453507
40.78859174,-73.88522142
40.82058329,-73.88970351
40.71154446,-73.94474296
40.78871504,-73.88513494
40.82069238,-73.88956068
40.71153014,-73.94495084
40.78883835,-73.88504846
40.82080146,-73.88941784
40.71151582,-73.94515872
40.78896165,-73.88496198
40.82091055,-73.88927501
40.7115015,-73.9453666
40.78908496,-73.88487551
40.82101964,-73.88913217
40.71148718,-73.94557449
40.78920826,-73.88478903
40.82112873,-73.88898934
40.71147285,-73.94578237
40.78933157,-73.88470255
40.82123782,-73.8888465
40.71145853,-73.94599025
40.78945487,-73.88461607
40.82134691,-73.88870366
40.71144421,-73.94619813
40.78957818,-73.88452959
40.821456,-73.88856083
40.71142988,-73.94640601
40.78970148,-73.88444311
40.82156508,-73.88841799
40.71141556,-73.9466139
40.78982479,-73.88435662
40.82167417,-73.88827515
40.71140123,-73.94682178
40.78994809,-73.88427014
40.80568662,-73.91034124
40.82178326,-73.88813231
40.71138691,-73.94702966
40.7900714,-73.88418366
40.8057817,-73.91020618
40.82189235,-73.88798947
40.71137258,-73.94723754
40.7901947,-73.88409718
40.80587677,-73.91007111
40.82200143,-73.88784663
40.71135826,-73.94744542
40.79031801,-73.8840107
40.80597185,-73.90993605
40.82211052,-73.88770379
40.71134393,-73.94765331
40.79044131,-73.88392422
40.80606692,-73.90980098
40.82221961,-73.88756095
40.7113296,-73.94786119
40.71158269,-73.94427853
40.79056462,-73.88383773
40.806162,-73.90966591
40.82232869,-73.88741811
40.71131528,-73.94806907
40.71156722,-73.94449861
40.79068792,-73.88375125
40.80625707,-73.90953085
40.82243778,-73.88727526
40.71130095,-73.94827695
40.71155175,-73.94471868
40.79081122,-73.88366477
40.80635214,-73.90939578
40.82254687,-73.88713242
40.71128662,-73.94848483
40.71153628,-73.94493876
40.79093453,-73.88357828
40.80644722,-73.90926071
40.82265595,-73.88698958
40.71127654,-73.94869581
40.71152082,-73.94515883
40.79105783,-73.8834918
40.80654229,-73.90912565
40.82276504,-73.88684674
40.71129953,-73.94892569
40.71150535,-73.9453789
40.79118114,-73.88340531
40.80663737,-73.90899058
40.82287413,-73.88670389
40.71134974,-73.94914936
40.71148988,-73.94559898
40.79130444,-73.88331883
40.80673244,-73.90885551
40.82298321,-73.88656105
40.71140114,-73.94937259
40.71147441,-73.94581905
40.79142774,-73.88323234
40.80682751,-73.90872044
40.8230923,-73.8864182
40.71145253,-73.94959582
40.71145894,-73.94603913
40.79155105,-73.88314586
40.80692259,-73.90858537
40.82320138,-73.88627536
40.71150393,-73.94981904
40.71144347,-73.9462592
40.79167435,-73.88305937
40.80701766,-73.9084503
40.82331047,-73.88613251
40.71155532,-73.95004227
40.711428,-73.94647927
40.79179766,-73.88297289
40.80711273,-73.90831523
40.82341955,-73.88598967
40.71160672,-73.9502655
40.71141253,-73.94669935
40.79192096,-73.8828864
40.80720781,-73.90818016
40.82352864,-73.88584682
40.71165811,-73.95048872
40.71139706,-73.94691942
40.79204426,-73.88279991
40.80730288,-73.90804509
40.82363772,-73.88570397
40.71170951,-73.95071195
40.71138159,-73.94713949
40.79216757,-73.88271343
40.80739795,-73.90791002
40.82374681,-73.88556112
40.7117609,-73.95093518
40.71136611,-73.94735957
40.79229087,-73.88262694
40.80749302,-73.90777495
40.82385589,-73.88541828
40.71181229,-73.95115841
40.71135064,-73.94757964
40.79241417,-73.88254045
40.80758809,-73.90763988
40.82396497,-73.88527543
40.71186369,-73.95138163
40.71133517,-73.94779971
40.79253748,-73.88245396
40.80768317,-73.90750481
40.82407406,-73.88513258
40.71191508,-73.95160486
40.7113197,-73.94801979
40.79266078,-73.88236748
40.80777824,-73.90736973
40.82418314,-73.88498973
40.71196647,-73.95182809
40.71130422,-73.94823986
40.79278408,-73.88228099
40.80787331,-73.90723466
40.82429223,-73.88484688
40.71201786,-73.95205132
40.71128875,-73.94845993
40.79290739,-73.8821945
40.80796838,-73.90709959
40.82440131,-73.88470403
40.71206925,-73.95227455
40.71127781,-73.94867567
40.79303069,-73.88210801
40.80806345,-73.90696452
40.82451039,-73.88456118
40.71212064,-73.95249778
40.71130034,-73.94887554
40.79315399,-73.88202152
40.80815852,-73.90682944
40.82461948,-73.88441833
40.71217203,-73.95272101
40.71134472,-73.9490695
40.79327729,-73.88193503
40.8082536,-73.90669437
40.82472856,-73.88427548
40.71222342,-73.95294424
40.71138922,-73.94926341
40.7934006,-73.88184854
40.80834867,-73.90655929
40.82483764,-73.88413262
40.71227481,-73.95316748
40.71143372,-73.94945731
40.7935239,-73.88176205
40.80844374,-73.90642422
40.82494672,-73.88398977
40.7123262,-73.95339071
40.71147822,-73.94965122
40.7936472,-73.88167556
40.80853881,-73.90628914
40.82505581,-73.88384692
40.71237759,-73.95361394
40.71152273,-73.94984513
40.79377051,-73.88158907
40.80863388,-73.90615407
40.82516489,-73.88370406
40.71242898,-73.95383717
40.71156723,-73.95003903
40.79389381,-73.88150258
40.80872895,-73.90601899
40.82527397,-73.88356121
40.71248037,-73.9540604
40.71161173,-73.95023294
40.79401711,-73.88141608
40.80882402,-73.90588391
40.82538305,-73.88341836
40.71253175,-73.95428364
40.71165623,-73.95042685
40.79414041,-73.88132959
40.80891909,-73.90574884
40.82549213,-73.8832755
40.71258314,-73.95450687
40.71170073,-73.95062076
40.79426372,-73.8812431
40.80901416,-73.90561376
40.82560122,-73.88313264
40.71263453,-73.9547301
40.71174523,-73.95081467
40.79438702,-73.88115661
40.80910923,-73.90547868
40.8257103,-73.88298979
40.71268591,-73.95495334
40.71178973,-73.95100858
40.79451032,-73.88107011
40.8092043,-73.9053436
40.82581938,-73.88284693
40.7127373,-73.95517657
40.71183423,-73.95120248
40.79463362,-73.88098362
40.80929937,-73.90520852
40.82592846,-73.88270407
40.71278868,-73.95539981
40.71187873,-73.95139639
40.79475693,-73.88089713
40.80939444,-73.90507344
40.82603754,-73.88256122
40.71284007,-73.95562304
40.71192323,-73.9515903
40.79488023,-73.88081063
40.80948951,-73.90493836
40.82614662,-73.88241836
40.71289145,-73.95584628
40.71196773,-73.95178421
40.79500353,-73.88072414
40.80958457,-73.90480328
40.8262557,-73.8822755
40.71294284,-73.95606951
40.71201222,-73.95197812
40.79512683,-73.88063764
40.71299422,-73.95629275
40.71205672,-73.95217203
40.79525013,-73.88055115
40.7130456,-73.95651599
40.71210122,-73.95236594
40.79537343,-73.88046465
40.689582,-73.886988
40.69324001,-73.89063791
40.71309699,-73.95673922
40.71214572,-73.95255986
40.79549869,-73.88035871
40.68958771,-73.88699798
40.69311071,-73.89050888
40.71314837,-73.95696246
40.71219021,-73.95275377
40.79562195,-73.88019221
40.68960889,-73.88703503
40.6929814,-73.89037986
40.71319975,-73.9571857
40.71223471,-73.95294768
40.79571865,-73.87998987
40.68964903,-73.88710522
40.69285211,-73.89025084
40.71325113,-73.95740894
40.71227921,-73.95314159
40.79578095,-73.87976517
40.68970812,-73.88720856
40.69272282,-73.89012183
40.71330251,-73.95763218
40.7123237,-73.9533355
40.79580604,-73.87952818
40.68978575,-73.88734433
40.69259354,-73.88999283
40.71335389,-73.95785541
40.7123682,-73.95352941
40.79579281,-73.87928953
40.68986932,-73.8874905
40.69246426,-73.88986383
40.71241269,-73.95372333
40.79574186,-73.8790599
40.6899529,-73.88763667
40.69233499,-73.88973484
40.71245719,-73.95391724
40.79565979,-73.87884622
40.69220573,-73.88960586
40.71250168,-73.95411115
40.79557361,-73.87863523
40.69207647,-73.88947689
40.71254618,-73.95430507
40.79548743,-73.87842424
40.69194722,-73.88934792
40.71259067,-73.95449898
40.79540125,-73.87821325
40.69181797,-73.88921896
40.71263516,-73.95469289
40.79531507,-73.87800227
40.69168873,-73.88909
40.71267966,-73.95488681
40.79522889,-73.87779128
40.6915595,-73.88896105
40.71272415,-73.95508072
40.79514271,-73.87758029
40.69143027,-73.88883211
40.69143027,-73.88883211
40.71276864,-73.95527464
40.79505653,-73.87736931
40.69130105,-73.88870318
40.69130105,-73.88870318
40.71281314,-73.95546855
40.79497035,-73.87715832
40.69117183,-73.88857425
40.69117183,-73.88857425
40.71285763,-73.95566247
40.79488416,-73.87694734
40.69104262,-73.88844533
40.69104262,-73.88844533
40.69156009,-73.88896182
40.71290212,-73.95585638
40.79479798,-73.87673636
40.69091342,-73.88831641
40.69091342,-73.88831641
40.69141979,-73.88882182
40.71294661,-73.9560503
40.7947118,-73.87652537
40.69078422,-73.8881875
40.6912795,-73.88868182
40.7129911,-73.95624421
40.79462562,-73.87631439
40.69065503,-73.8880586
40.69113921,-73.88854184
40.71303559,-73.95643813
40.79453943,-73.87610341
40.69052585,-73.88792971
40.71308008,-73.95663204
40.79445325,-73.87589243
40.69039667,-73.88780082
40.71312457,-73.95682596
40.79436707,-73.87568144
40.6902675,-73.88767194
40.71316906,-73.95701988
40.79428088,-73.87547046
40.69013833,-73.88754306
40.71321355,-73.9572138
40.7941947,-73.87525948
40.69000917,-73.8874142
40.71325804,-73.95740771
40.79410851,-73.8750485
40.68988096,-73.88728628
40.71330253,-73.95760163
40.79402232,-73.87483753
40.71334702,-73.95779555
40.79393614,-73.87462655
40.71339151,-73.95798947
40.79384995,-73.87441557
40.71343599,-73.95818338
40.79376377,-73.87420459
40.71348048,-73.9583773
40.79367758,-73.87399361
40.71352497,-73.95857122
40.79359139,-73.87378264
40.71356946,-73.95876514
40.7935052,-73.87357166
40.71361394,-73.95895906
40.79341901,-73.87336069
40.71365843,-73.95915298
40.79333282,-73.87314971
40.71370291,-73.9593469
40.79324664,-73.87293874
40.7137474,-73.95954082
40.79316045,-73.87272777
40.71379188,-73.95973474
40.79307426,-73.87251679
40.71383637,-73.95992866
40.79298807,-73.87230582
40.71388085,-73.96012258
40.79290188,-73.87209485
40.71392534,-73.9603165
40.79281568,-73.87188388
40.71396982,-73.96051043
40.79272949,-73.87167291
40.71401431,-73.96070435
40.7926433,-73.87146194
40.71405879,-73.96089827
40.79255711,-73.87125097
40.71410327,-73.96109219
40.79247092,-73.87104
40.71414775,-73.96128611
40.71419224,-73.96148004
40.71423672,-73.96167396
40.7142812,-73.96186788
40.71432568,-73.96206181
40.71437016,-73.96225573
40.71441464,-73.96244966
40.71445912,-73.96264358
40.7145036,-73.9628375
40.71454808,-73.96303143
40.71459256,-73.96322535
40.71463704,-73.96341928
40.71468152,-73.96361321
40.714726,-73.96380713
40.71477048,-73.96400106
40.71206888,-73.95221981
40.71481495,-73.96419498
40.71211067,-73.95240197
40.71485943,-73.96438891
40.71215245,-73.95258413
40.69033974,-73.88774421
40.71490391,-73.96458284
40.71219424,-73.9527663
40.69022534,-73.88763004
40.71494839,-73.96477677
40.71223603,-73.95294846
40.69011095,-73.88751588
40.71499286,-73.96497069
40.71227781,-73.95313063
40.68999656,-73.88740172
40.71503734,-73.96516462
40.7123196,-73.95331279
40.68988218,-73.88728757
40.71508181,-73.96535855
40.71236139,-73.95349496
40.71512629,-73.96555248
40.71240317,-73.95367712
40.71517076,-73.96574641
40.71244496,-73.95385929
40.71521524,-73.96594033
40.71248674,-73.95404146
40.71525971,-73.96613426
40.71252852,-73.95422362
40.71530419,-73.96632819
40.71257031,-73.95440579
40.71534866,-73.96652212
40.71261209,-73.95458795
40.71539314,-73.96671605
40.71265388,-73.95477012
40.71543522,-73.96690859
40.71269566,-73.95495229
40.7154461,-73.96709781
40.71273744,-73.95513446
40.71541878,-73.9672841
40.71277922,-73.95531662
40.71536204,-73.96745895
40.71282101,-73.95549879
40.71530291,-73.96763248
40.71286279,-73.95568096
40.71524379,-73.967806
40.71290457,-73.95586313
40.71518468,-73.9679795
40.71294635,-73.9560453
40.71512557,-73.96815297
40.71298813,-73.95622747
40.71506647,-73.96832643
40.71302991,-73.95640963
40.71500737,-73.96849987
40.7130717,-73.9565918
40.71494828,-73.96867329
40.71311348,-73.95677397
40.7148892,-73.96884669
40.71315526,-73.95695614
40.71483012,-73.96902007
40.71319704,-73.95713831
40.71477105,-73.96919343
40.71323882,-73.95732048
40.71471199,-73.96936678
40.71328059,-73.95750265
40.71465293,-73.9695401
40.71332237,-73.95768482
40.71459388,-73.9697134
40.71336415,-73.957867
40.71453483,-73.96988669
40.71340593,-73.95804917
40.71447579,-73.97005995
40.71344771,-73.95823134
40.71441676,-73.9702332
40.71348949,-73.95841351
40.71435773,-73.97040643
40.71353126,-73.95859568
40.71429871,-73.97057963
40.71357304,-73.95877785
40.7142397,-73.97075282
40.71361482,-73.95896003
40.71418069,-73.97092599
40.7136566,-73.9591422
40.71412169,-73.97109914
40.71369837,-73.95932437
40.71406269,-73.97127227
40.71374015,-73.95950654
40.7140037,-73.97144538
40.71378192,-73.95968872
40.71394472,-73.97161848
40.7138237,-73.95987089
40.71388574,-73.97179155
40.71386547,-73.96005306
40.71382677,-73.9719646
40.71390725,-73.96023524
40.7137678,-73.97213764
40.71394902,-73.96041741
40.71370884,-73.97231065
40.7139908,-73.96059959
40.71364989,-73.97248365
40.71403257,-73.96078176
40.69161934,-73.88902143
40.71359094,-73.97265663
40.71407435,-73.96096393
40.69148643,-73.88888878
40.713532,-73.97282959
40.71411612,-73.96114611
40.69135353,-73.88875613
40.71347307,-73.97300252
40.71415789,-73.96132828
40.69122064,-73.88862348
40.71341414,-73.97317544
40.71419967,-73.96151046
40.71335522,-73.97334835
40.71424144,-73.96169264
40.7132963,-73.97352123
40.71428321,-73.96187481
40.71323739,-73.97369409
40.71432498,-73.96205699
40.71317849,-73.97386693
40.71436675,-73.96223916
40.71311959,-73.97403976
40.71440853,-73.96242134
40.7455253,-73.89749253
40.7130607,-73.97421256
40.7144503,-73.96260352
40.74567411,-73.89762967
40.71300181,-73.97438535
40.71449207,-73.96278569
40.74582292,-73.89776681
40.71294293,-73.97455811
40.71453384,-73.96296787
40.74597173,-73.89790395
40.71288406,-73.97473086
40.71457561,-73.96315005
40.74612054,-73.89804109
40.71282519,-73.97490359
40.71461738,-73.96333223
40.74626935,-73.89817823
40.71276633,-73.9750763
40.71465915,-73.96351441
40.74641816,-73.89831537
40.71270748,-73.97524899
40.71470092,-73.96369658
40.74656697,-73.89845251
40.71264863,-73.97542166
40.71474269,-73.96387876
40.74671578,-73.89858966
40.71258979,-73.97559431
40.71478446,-73.96406094
40.7468646,-73.8987268
40.71253095,-73.97576695
40.71482623,-73.96424312
40.74701341,-73.89886394
40.71247357,-73.9759353
40.71486799,-73.9644253
40.74716222,-73.89900109
40.71242733,-73.97607099
40.71490976,-73.96460748
40.74731103,-73.89913823
40.71495153,-73.96478966
40.74745984,-73.89927538
40.7149933,-73.96497184
40.74760865,-73.89941253
40.71503506,-73.96515402
40.74775745,-73.89954967
40.71507683,-73.9653362
40.74790626,-73.89968682
40.7151186,-73.96551838
40.74805507,-73.89982397
40.71516036,-73.96570056
40.74820388,-73.89996112
40.71520213,-73.96588274
40.74835269,-73.90009827
40.7152439,-73.96606492
40.7485015,-73.90023542
40.71528566,-73.9662471
40.74865031,-73.90037257
40.71532743,-73.96642928
40.74879912,-73.90050972
40.71536919,-73.96661147
40.74894792,-73.90064688
40.71541096,-73.96679365
40.74909673,-73.90078403
40.71544701,-73.96697487
40.74924554,-73.90092118
40.7493924,-73.90103878
40.74953213,-73.90109665
40.74967584,-73.90110349
40.74981723,-73.90106684
40.7499578,-73.90102462
40.75009834,-73.90098241
40.75023884,-73.90094022
40.7503793,-73.90089803
40.75051973,-73.90085586
40.75066012,-73.9008137
40.75080047,-73.90077154
40.75094078,-73.9007294
40.75108106,-73.90068727
40.7512213,-73.90064516
40.7513615,-73.90060305
40.75150167,-73.90056095
40.7516418,-73.90051886
40.78904301,-73.9826802
40.78917223,-73.98259547
40.78930144,-73.98251074
40.78943066,-73.98242601
40.78955988,-73.98234128
40.78968909,-73.98225655
40.78981831,-73.98217182
40.78994752,-73.98208709
40.79007674,-73.98200236
40.79020596,-73.98191763
40.79033517,-73.98183289
40.79046439,-73.98174816
40.79059361,-73.98166343
40.79072282,-73.98157869
40.79085204,-73.98149396
40.79098125,-73.98140923
40.79111047,-73.98132449
40.79123968,-73.98123976
40.7913689,-73.98115502
40.79149812,-73.98107029
40.79162733,-73.98098555
40.79175655,-73.98090082
40.79188576,-73.98081608
40.79202047,-73.98072774
40.79217721,-73.9806213
40.79233727,-73.98050827
40.79249732,-73.98039524
40.79265737,-73.98028221
40.79281743,-73.98016918
40.79297748,-73.98005615
40.79313753,-73.97994312
40.79329759,-73.97983009
40.79345764,-73.97971705
40.79361769,-73.97960402
40.79377774,-73.97949098
40.7939378,-73.97937795
40.79409785,-73.97926491
40.7942579,-73.97915188
40.85411055,-73.86610197
40.79441795,-73.97903884
40.85428236,-73.86611688
40.79457801,-73.9789258
40.85445418,-73.86613179
40.79473806,-73.97881277
40.854626,-73.86614669
40.79489811,-73.97869973
40.85479781,-73.8661616
40.79505816,-73.97858669
40.85496963,-73.86617651
40.79521821,-73.97847365
40.85514144,-73.86619142
40.79537826,-73.97836061
40.85531326,-73.86620633
40.79553832,-73.97824757
40.85548508,-73.86622124
40.79569837,-73.97813453
40.85565689,-73.86623615
40.79585842,-73.97802149
40.85582871,-73.86625106
40.79601847,-73.97790844
40.85600053,-73.86626596
40.79617852,-73.9777954
40.85617234,-73.86628087
40.79633857,-73.97768236
40.85634416,-73.86629578
40.79649862,-73.97756932
40.85651598,-73.86631069
40.79665867,-73.97745627
40.85668779,-73.8663256
40.79681872,-73.97734323
40.85685961,-73.86634051
40.79697877,-73.97723018
40.85703143,-73.86635542
40.79713882,-73.97711714
40.85720324,-73.86637033
40.79729887,-73.97700409
40.85737506,-73.86638524
40.79745892,-73.97689104
40.85754688,-73.86640015
40.79761897,-73.97677799
40.85771869,-73.86641506
40.79777902,-73.97666495
40.85789051,-73.86642997
40.79793907,-73.9765519
40.85806232,-73.86644488
40.79809912,-73.97643885
40.85823414,-73.86645979
40.79825917,-73.9763258
40.85840596,-73.8664747
40.79841922,-73.97621275
40.85857777,-73.86648961
40.79857927,-73.9760997
40.85874959,-73.86650452
40.79873932,-73.97598665
40.85892141,-73.86651943
40.79889937,-73.9758736
40.85909322,-73.86653434
40.79905942,-73.97576054
40.85926504,-73.86654925
40.79921947,-73.97564749
40.85943686,-73.86656416
40.79937952,-73.97553444
40.85960867,-73.86657907
40.79953956,-73.97542138
40.85978049,-73.86659398
40.79969961,-73.97530833
40.85995231,-73.86660889
40.79985966,-73.97519527
40.86012412,-73.8666238
40.80001971,-73.97508222
40.86029594,-73.86663871
40.80017976,-73.97496916
40.86046775,-73.86665363
40.80033981,-73.9748561
40.86063957,-73.86666854
40.80049985,-73.97474305
40.86081139,-73.86668345
40.8006599,-73.97462999
40.8609832,-73.86669836
40.80081995,-73.97451693
40.86115502,-73.86671327
40.80098,-73.97440387
40.86132684,-73.86672818
40.80114004,-73.97429081
40.86149865,-73.86674309
40.80130009,-73.97417775
40.86167047,-73.86675801
40.80146014,-73.97406469
40.86184229,-73.86677292
40.80162019,-73.97395163
40.8620141,-73.86678783
40.80178023,-73.97383857
40.86218592,-73.86680274
40.80194028,-73.97372551
40.86235773,-73.86681765
40.80210033,-73.97361244
40.86252955,-73.86683256
40.80226037,-73.97349938
40.86270137,-73.86684748
40.80242042,-73.97338632
40.86287318,-73.86686239
40.80258047,-73.97327325
40.863045,-73.8668773
40.80274051,-73.97316019
40.86321682,-73.86689221
40.80290056,-73.97304712
40.86338863,-73.86690712
40.8030606,-73.97293406
40.80322065,-73.97282099
40.8033807,-73.97270792
40.80354074,-73.97259486
40.80370079,-73.97248179
40.80386083,-73.97236872
40.80402088,-73.97225565
40.80418093,-73.97214258
40.80434097,-73.97202951
40.80450102,-73.97191644
40.80466106,-73.97180337
40.80482111,-73.97169029
40.80498115,-73.97157722
40.8051412,-73.97146415
40.80530124,-73.97135108
40.80546128,-73.971238
40.80562133,-73.97112493
40.80578137,-73.97101185
40.80594142,-73.97089878
40.80610146,-73.9707857
40.80626151,-73.97067262
40.80642155,-73.97055954
40.80658159,-73.97044647
40.80674164,-73.97033339
40.80690168,-73.97022031
40.80706172,-73.97010723
40.80722177,-73.96999415
40.80736789,-73.96989076
40.80749668,-73.9697902
40.80762478,-73.96968987
40.80775288,-73.96958954
40.80788098,-73.96948921
40.80800908,-73.96938887
40.80813718,-73.96928854
40.80826528,-73.96918821
40.80839338,-73.96908788
40.80852148,-73.96898755
40.80864958,-73.96888721
40.80877768,-73.96878688
40.80890578,-73.96868655
40.80903388,-73.96858621
40.80916197,-73.96848588
40.80929007,-73.96838554
40.80941817,-73.96828521
40.80954627,-73.96818487
40.689582,-73.886988
40.689582,-73.886988
40.689582,-73.886988
40.68958771,-73.88699798
40.68958771,-73.88699798
40.68958771,-73.88699798
40.68960889,-73.88703503
40.68960889,-73.88703503
40.68960889,-73.88703503
40.68964903,-73.88710522
40.68964903,-73.88710522
40.68964903,-73.88710522
40.68970812,-73.88720856
40.68970812,-73.88720856
40.68970812,-73.88720856
40.68978575,-73.88734433
40.68978575,-73.88734433
40.68978575,-73.88734433
40.68986932,-73.8874905
40.6899529,-73.88763667
40.69003648,-73.88778284
40.69012006,-73.88792903
40.69020365,-73.88807521
40.69028724,-73.88822141
40.69037083,-73.88836761
40.69045443,-73.88851381
40.85331296,-73.86603941
40.69053803,-73.88866003
40.85348478,-73.86605423
40.69062163,-73.88880624
40.8536566,-73.86606904
40.69070523,-73.88895247
40.85382843,-73.86608385
40.69078884,-73.88909869
40.85400025,-73.86609867
40.69087245,-73.88924493
40.85417207,-73.86611348
40.69095606,-73.88939117
40.85434389,-73.8661283
40.69103968,-73.88953741
40.85451571,-73.86614311
40.69112329,-73.88968367
40.85468753,-73.86615793
40.69120692,-73.88982992
40.85485935,-73.86617274
40.69129054,-73.88997619
40.85503117,-73.86618756
40.69137417,-73.89012245
40.85520299,-73.86620237
40.6914578,-73.89026873
40.85537482,-73.86621719
40.69154143,-73.89041501
40.85554664,-73.866232
40.69162507,-73.89056129
40.85571846,-73.86624682
40.6917087,-73.89070759
40.85589028,-73.86626163
40.69179235,-73.89085388
40.8560621,-73.86627645
40.69187599,-73.89100019
40.85623392,-73.86629126
40.69195964,-73.89114649
40.85640574,-73.86630608
40.69204329,-73.89129281
40.85657756,-73.86632089
40.69212694,-73.89143913
40.85674938,-73.86633571
40.6922106,-73.89158545
40.8569212,-73.86635052
40.69229425,-73.89173179
40.85709303,-73.86636534
40.69237792,-73.89187812
40.85726485,-73.86638016
40.69246158,-73.89202447
40.85743667,-73.86639497
40.69254525,-73.89217081
40.85760849,-73.86640979
40.69262892,-73.89231717
40.85778031,-73.8664246
40.69271259,-73.89246353
40.85795213,-73.86643942
40.69279627,-73.89260989
40.85812395,-73.86645424
40.69287995,-73.89275627
40.85829577,-73.86646905
40.69296363,-73.89290264
40.85846759,-73.86648387
40.69304731,-73.89304903
40.85863942,-73.86649868
40.693131,-73.89319542
40.85881124,-73.8665135
40.69321469,-73.89334181
40.85898306,-73.86652832
40.69329838,-73.89348821
40.85915488,-73.86654313
40.69338208,-73.89363462
40.8593267,-73.86655795
40.69346578,-73.89378103
40.85949852,-73.86657277
40.69354948,-73.89392745
40.85967034,-73.86658758
40.69363318,-73.89407387
40.85984216,-73.8666024
40.69371689,-73.8942203
40.86001398,-73.86661722
40.6938006,-73.89436673
40.86018581,-73.86663204
40.69388432,-73.89451317
40.86035763,-73.86664685
40.69396803,-73.89465962
40.86052945,-73.86666167
40.69405175,-73.89480607
40.86070127,-73.86667649
40.69413547,-73.89495253
40.86087309,-73.86669131
40.6942192,-73.89509899
40.86104491,-73.86670612
40.69430293,-73.89524546
40.86121673,-73.86672094
40.69438666,-73.89539194
40.86138855,-73.86673576
40.69447039,-73.89553842
40.86156037,-73.86675058
40.69455413,-73.8956849
40.86173219,-73.86676539
40.69463787,-73.89583139
40.86190402,-73.86678021
40.69472161,-73.89597789
40.86207584,-73.86679503
40.69480535,-73.8961244
40.86224766,-73.86680985
40.6948891,-73.89627091
40.86241948,-73.86682467
40.69497285,-73.89641742
40.8625913,-73.86683948
40.69505661,-73.89656394
40.86276312,-73.8668543
40.69514036,-73.89671047
40.86293494,-73.86686912
40.69522412,-73.896857
40.86310676,-73.86688394
40.69530789,-73.89700354
40.86327858,-73.86689876
40.69539165,-73.89715008
40.8634504,-73.86691358
40.69547542,-73.89729663
40.86362223,-73.86692839
40.69555919,-73.89744319
40.86379405,-73.86694321
40.69564296,-73.89758975
40.86396587,-73.86695803
40.69572674,-73.89773631
40.86413769,-73.86697285
40.69581052,-73.89788289
40.86430951,-73.86698767
40.6958943,-73.89802947
40.69597809,-73.89817605
40.69606188,-73.89832264
40.69614567,-73.89846923
40.69622946,-73.89861584
40.69631326,-73.89876244
40.69639706,-73.89890906
40.69648086,-73.89905567
40.69656467,-73.8992023
40.69664848,-73.89934893
40.69673229,-73.89949556
40.6968161,-73.89964221
40.69689992,-73.89978885
40.69698374,-73.89993551
40.69706757,-73.90008216
40.69715139,-73.90022883
40.69723522,-73.9003755
40.69731905,-73.90052218
40.69740289,-73.90066886
40.69748672,-73.90081554
40.69757057,-73.90096224
40.69765441,-73.90110894
40.69773825,-73.90125564
40.6978221,-73.90140235
40.69790596,-73.90154907
40.69798981,-73.90169579
40.69807367,-73.90184252
40.69815753,-73.90198925
40.69824139,-73.90213599
40.69832526,-73.90228274
40.69840913,-73.90242949
40.698493,-73.90257625
40.69857688,-73.90272301
40.69866076,-73.90286978
40.69874464,-73.90301655
40.69882852,-73.90316333
40.82741059,-73.95375759
40.69891241,-73.90331012
40.82755945,-73.95363145
40.69032192,-73.88772625
40.6989963,-73.90345691
40.82770832,-73.9535053
40.69018168,-73.88758633
40.71142474,-73.94652398
40.69908019,-73.9036037
40.82785718,-73.95337915
40.69004145,-73.88744641
40.71140971,-73.94673794
40.69916409,-73.90375051
40.82800605,-73.953253
40.68990467,-73.88730994
40.71139468,-73.9469519
40.69924798,-73.90389732
40.82815491,-73.95312686
40.71137965,-73.94716586
40.69933189,-73.90404413
40.82830378,-73.95300071
40.71136462,-73.94737982
40.69941579,-73.90419095
40.82845265,-73.95287456
40.71134959,-73.94759379
40.6994997,-73.90433778
40.82860151,-73.95274841
40.71133455,-73.94780775
40.69958361,-73.90448461
40.82875038,-73.95262226
40.71131952,-73.94802171
40.69966752,-73.90463145
40.82889924,-73.95249611
40.71130449,-73.94823567
40.69975144,-73.90477829
40.8290481,-73.95236995
40.71128946,-73.94844963
40.69983536,-73.90492514
40.82919697,-73.9522438
40.71127634,-73.9486653
40.69991928,-73.90507199
40.82934583,-73.95211765
40.7112926,-73.94888479
40.7000032,-73.90521885
40.8294947,-73.95199149
40.71133889,-73.94909714
40.70008713,-73.90536572
40.82964356,-73.95186534
40.71138757,-73.94930862
40.70017106,-73.90551259
40.82979243,-73.95173919
40.71143625,-73.9495201
40.70025499,-73.90565947
40.82994129,-73.95161303
40.71148493,-73.94973158
40.70033893,-73.90580635
40.83009015,-73.95148688
40.7115336,-73.94994307
40.70042287,-73.90595324
40.83023902,-73.95136072
40.71158228,-73.95015455
40.70050681,-73.90610014
40.83038788,-73.95123456
40.71163096,-73.95036603
40.70059076,-73.90624704
40.83053674,-73.9511084
40.71167963,-73.95057752
40.7006747,-73.90639395
40.83069775,-73.95099544
40.71172831,-73.950789
40.70075865,-73.90654086
40.830872,-73.95090891
40.71177699,-73.95100049
40.70084261,-73.90668778
40.83104639,-73.95082286
40.71182566,-73.95121197
40.70092656,-73.9068347
40.83122078,-73.95073681
40.71187434,-73.95142346
40.70101052,-73.90698163
40.83139517,-73.95065076
40.71192301,-73.95163494
40.70109449,-73.90712857
40.83156956,-73.95056471
40.71197169,-73.95184643
40.70117845,-73.90727551
40.83174395,-73.95047866
40.71202036,-73.95205791
40.70126242,-73.90742246
40.83191833,-73.9503926
40.71206904,-73.9522694
40.70134639,-73.90756941
40.83209272,-73.95030655
40.70143037,-73.90771637
40.83226711,-73.9502205
40.70151434,-73.90786333
40.8324415,-73.95013444
40.70159832,-73.9080103
40.83261589,-73.95004839
40.7016823,-73.90815728
40.83279028,-73.94996233
40.70176629,-73.90830426
40.83296466,-73.94987628
40.70185028,-73.90845125
40.83313905,-73.94979022
40.70193427,-73.90859824
40.83331344,-73.94970417
40.70201826,-73.90874524
40.83348783,-73.94961811
40.70210226,-73.90889225
40.83366222,-73.94953205
40.70218626,-73.90903926
40.8338366,-73.949446
40.70227027,-73.90918627
40.83401099,-73.94935994
40.70235427,-73.9093333
40.83418538,-73.94927388
40.70243828,-73.90948033
40.83435977,-73.94918782
40.70252229,-73.90962736
40.83453415,-73.94910176
40.70260631,-73.9097744
40.83470854,-73.9490157
40.70269032,-73.90992145
40.83488293,-73.94892964
40.70277435,-73.9100685
40.83505732,-73.94884358
40.70285837,-73.91021555
40.8352317,-73.94875752
40.83869572,-73.86922934
40.7029424,-73.91036262
40.83540609,-73.94867146
40.83883105,-73.86918402
40.70302642,-73.91050968
40.83558048,-73.9485854
40.83896638,-73.86913869
40.70311045,-73.91065675
40.83575487,-73.94849933
40.83910172,-73.86909337
40.70319448,-73.91080382
40.83592925,-73.94841327
40.83923705,-73.86904804
40.70327851,-73.91095089
40.83610364,-73.94832721
40.83937238,-73.86900271
40.70336253,-73.91109796
40.83627803,-73.94824114
40.83950772,-73.86895739
40.70344656,-73.91124502
40.83645241,-73.94815508
40.83964305,-73.86891206
40.70353059,-73.91139209
40.8366268,-73.94806901
40.83977839,-73.86886674
40.70361462,-73.91153916
40.83680119,-73.94798295
40.83991372,-73.86882141
40.70369864,-73.91168623
40.83697557,-73.94789688
40.84004905,-73.86877608
40.70378267,-73.9118333
40.83714996,-73.94781082
40.84018439,-73.86873076
40.7038667,-73.91198038
40.83732435,-73.94772475
40.84031972,-73.86868543
40.70395072,-73.91212745
40.83749873,-73.94763868
40.84045506,-73.8686401
40.70403475,-73.91227452
40.83767312,-73.94755262
40.84059039,-73.86859478
40.70411877,-73.91242159
40.83784751,-73.94746655
40.84072572,-73.86854945
40.7042028,-73.91256866
40.83802189,-73.94738048
40.84086106,-73.86850412
40.70428682,-73.91271573
40.83819628,-73.94729441
40.84099639,-73.86845879
40.70437085,-73.91286281
40.83837067,-73.94720834
40.84113172,-73.86841347
40.70445488,-73.91300988
40.83854505,-73.94712227
40.84126706,-73.86836814
40.7045389,-73.91315695
40.83871944,-73.9470362
40.84140239,-73.86832281
40.70462293,-73.91330403
40.83889382,-73.94695013
40.84153772,-73.86827748
40.70470695,-73.9134511
40.83906821,-73.94686406
40.84167306,-73.86823215
40.70479097,-73.91359818
40.8392426,-73.94677799
40.84180839,-73.86818682
40.704875,-73.91374525
40.83941698,-73.94669192
40.84194373,-73.86814149
40.70495902,-73.91389233
40.83959137,-73.94660584
40.84207906,-73.86809616
40.70504305,-73.9140394
40.83976575,-73.94651977
40.84221439,-73.86805083
40.70512707,-73.91418648
40.83994014,-73.9464337
40.84234973,-73.86800551
40.70521109,-73.91433356
40.84248506,-73.86796018
40.70529512,-73.91448064
40.84262039,-73.86791485
40.70537914,-73.91462771
40.84275573,-73.86786952
40.70546316,-73.91477479
40.84289106,-73.86782418
40.70554718,-73.91492187
40.84302639,-73.86777885
40.70563121,-73.91506895
40.84316173,-73.86773352
40.70571523,-73.91521603
40.84329706,-73.86768819
40.70579925,-73.91536311
40.84343239,-73.86764286
40.70588327,-73.91551019
40.84356773,-73.86759753
40.7059673,-73.91565727
40.84370306,-73.8675522
40.70605132,-73.91580435
40.84383839,-73.86750687
40.70613534,-73.91595143
40.84397373,-73.86746153
40.70621936,-73.91609851
40.84410906,-73.8674162
40.70630338,-73.91624559
40.84424439,-73.86737087
40.7063874,-73.91639267
40.84437973,-73.86732554
40.70647142,-73.91653975
40.84451506,-73.86728021
40.70655544,-73.91668684
40.84465039,-73.86723487
40.70663946,-73.91683392
40.84478573,-73.86718954
40.70672348,-73.916981
40.84492106,-73.86714421
40.70681181,-73.91713563
40.84505639,-73.86709887
40.70690715,-73.91732838
40.84519173,-73.86705354
40.7069843,-73.91754507
40.84532706,-73.86700821
40.70706071,-73.91776224
40.84546239,-73.86696287
40.70713712,-73.9179794
40.84559772,-73.86691754
40.70721354,-73.91819657
40.84573306,-73.8668722
40.70728995,-73.91841374
40.84586839,-73.86682687
40.70736636,-73.9186309
40.84600372,-73.86678153
40.70744277,-73.91884807
40.84613906,-73.8667362
40.70751919,-73.91906524
40.84627439,-73.86669086
40.7075956,-73.91928241
40.84640972,-73.86664553
40.70767201,-73.91949958
40.84654506,-73.86660019
40.70774842,-73.91971675
40.84668039,-73.86655486
40.70782483,-73.91993392
40.84681572,-73.86650952
40.70790124,-73.92015109
40.84695105,-73.86646419
40.70797765,-73.92036826
40.84708639,-73.86641885
40.70805405,-73.92058543
40.84722172,-73.86637351
40.70813046,-73.9208026
40.84735705,-73.86632818
40.70820687,-73.92101978
40.84749239,-73.86628284
40.70828328,-73.92123695
40.84762772,-73.8662375
40.70835969,-73.92145412
40.84776305,-73.86619217
40.70843609,-73.9216713
40.84789838,-73.86614683
40.7085125,-73.92188847
40.84803372,-73.86610149
40.7085889,-73.92210565
40.84816905,-73.86605615
40.70866531,-73.92232282
40.84830438,-73.86601082
40.70874171,-73.92254
40.84843971,-73.86596548
40.70881812,-73.92275718
40.84857505,-73.86592014
40.70889452,-73.92297435
40.84871038,-73.8658748
40.70897093,-73.92319153
40.84884571,-73.86582946
40.70904733,-73.92340871
40.84898105,-73.86578413
40.70912373,-73.92362589
40.84911638,-73.86573879
40.70920014,-73.92384307
40.84925556,-73.86569817
40.70927654,-73.92406025
40.84940419,-73.86569749
40.70935294,-73.92427743
40.84955279,-73.86571034
40.70942934,-73.92449461
40.84970139,-73.8657232
40.70950574,-73.92471179
40.84984999,-73.86573605
40.70958214,-73.92492897
40.84999859,-73.86574891
40.70965854,-73.92514615
40.85014719,-73.86576177
40.70973494,-73.92536333
40.85029579,-73.86577462
40.70981134,-73.92558052
40.85044439,-73.86578748
40.70988774,-73.9257977
40.85059299,-73.86580034
40.70996414,-73.92601488
40.85074159,-73.86581319
40.71004054,-73.92623207
40.85089019,-73.86582605
40.71011694,-73.92644925
40.85103879,-73.86583891
40.71019333,-73.92666644
40.85118739,-73.86585177
40.71026973,-73.92688363
40.85133599,-73.86586462
40.71034613,-73.92710081
40.85148459,-73.86587748
40.71042252,-73.927318
40.85163319,-73.86589034
40.85178179,-73.86590319
40.85193039,-73.86591605
40.85207899,-73.86592891
40.85222759,-73.86594177
40.85237619,-73.86595462
40.85252479,-73.86596748
40.85267339,-73.86598034
40.85282199,-73.86599319
40.85297059,-73.86600605
40.85311919,-73.86601891
40.85326779,-73.86603177
40.85341639,-73.86604463
40.85356499,-73.86605748
40.85371359,-73.86607034
40.85386219,-73.8660832
40.85401079,-73.86609606
40.85415939,-73.86610892
40.85430799,-73.86612177
40.85445659,-73.86613463
40.85460519,-73.86614749
40.85475379,-73.86616035
40.85490239,-73.86617321
40.85505099,-73.86618606
40.85519959,-73.86619892
40.85534819,-73.86621178
40.85549679,-73.86622464
40.85564539,-73.8662375
40.85579399,-73.86625036
40.85594259,-73.86626322
40.85609119,-73.86627608
40.85623979,-73.86628893
40.85638839,-73.86630179
40.85653699,-73.86631465
40.85668559,-73.86632751
40.67738827,-74.03049299
40.85683419,-73.86634037
40.67728012,-74.03062798
40.85698279,-73.86635323
40.67717197,-74.03076297
40.85713139,-73.86636609
40.67706383,-74.03089797
40.85727999,-73.86637895
40.67695568,-74.03103296
40.85742859,-73.86639181
40.67684753,-74.03116795
40.85757719,-73.86640467
40.67673939,-74.03130293
40.85772579,-73.86641753
40.67663124,-74.03143792
40.85787439,-73.86643039
40.67652309,-74.03157291
40.85802299,-73.86644325
40.67641494,-74.0317079
40.85817159,-73.8664561
40.6763068,-74.03184289
40.85832019,-73.86646896
40.67619865,-74.03197788
40.85639346,-73.9395407
40.85846879,-73.86648182
40.6760905,-74.03211286
40.85651258,-73.93944444
40.85861739,-73.86649468
40.67598235,-74.03224785
40.8566317,-73.93934818
40.85876599,-73.86650754
40.6758742,-74.03238283
40.85675083,-73.93925191
40.85891459,-73.8665204
40.67576606,-74.03251782
40.85686995,-73.93915565
40.85906319,-73.86653326
40.67565791,-74.0326528
40.85698907,-73.93905938
40.85921179,-73.86654612
40.67554976,-74.03278779
40.85710819,-73.93896312
40.85936039,-73.86655898
40.67544161,-74.03292277
40.85722731,-73.93886685
40.85950899,-73.86657184
40.67533346,-74.03305776
40.85734643,-73.93877059
40.85965759,-73.8665847
40.67522531,-74.03319274
40.85746555,-73.93867432
40.85980619,-73.86659756
40.67511716,-74.03332772
40.85758468,-73.93857806
40.85995479,-73.86661042
40.67500901,-74.03346271
40.8577038,-73.93848179
40.86010339,-73.86662329
40.67490086,-74.03359769
40.85782292,-73.93838553
40.86025199,-73.86663615
40.67479271,-74.03373267
40.85794204,-73.93828926
40.86040059,-73.86664901
40.67468456,-74.03386765
40.85806116,-73.93819299
40.86054919,-73.86666187
40.67457641,-74.03400263
40.85818028,-73.93809672
40.86069779,-73.86667473
40.67446826,-74.03413761
40.8582994,-73.93800046
40.67436011,-74.03427259
40.85841852,-73.93790419
40.67425196,-74.03440757
40.85853764,-73.93780792
40.67414381,-74.03454255
40.85865676,-73.93771165
40.67403566,-74.03467753
40.85877589,-73.93761538
40.67392751,-74.0348125
40.85889501,-73.93751911
40.67381936,-74.03494748
40.85901413,-73.93742284
40.67371121,-74.03508246
40.85913325,-73.93732657
40.67360306,-74.03521744
40.85925237,-73.9372303
40.6734949,-74.03535241
40.85937149,-73.93713403
40.67338675,-74.03548739
40.85949061,-73.93703776
40.6732786,-74.03562236
40.85960973,-73.93694149
40.67317045,-74.03575734
40.85972885,-73.93684521
40.6730623,-74.03589231
40.85984797,-73.93674894
40.67295414,-74.03602729
40.85996709,-73.93665267
40.67284599,-74.03616226
40.86008621,-73.9365564
40.67273784,-74.03629723
40.86020533,-73.93646012
40.67262969,-74.03643221
40.86032445,-73.93636385
40.67252153,-74.03656718
40.86044356,-73.93626758
40.67241338,-74.03670215
40.86056268,-73.9361713
40.67230523,-74.03683712
40.8606818,-73.93607503
40.67219707,-74.03697209
40.86080092,-73.93597875
40.67208892,-74.03710706
40.86092004,-73.93588248
40.67198077,-74.03724203
40.86103916,-73.9357862
40.6718671,-74.03735483
40.86116933,-73.93569734
40.6717373,-74.03742103
40.86130382,-73.93561283
40.67159878,-74.03744114
40.86143829,-73.93552834
40.67145934,-74.03745041
40.86157274,-73.93544385
40.67131991,-74.03745968
40.86170717,-73.93535937
40.67118048,-74.03746896
40.86184159,-73.9352749
40.67104104,-74.03747823
40.86197599,-73.93519045
40.67090161,-74.0374875
40.86211037,-73.93510601
40.67076218,-74.03749677
40.86224473,-73.93502157
40.67062274,-74.03750605
40.86237908,-73.93493715
40.67048331,-74.03751532
40.8625134,-73.93485274
40.67034388,-74.03752459
40.86264771,-73.93476834
40.67020444,-74.03753386
40.862782,-73.93468395
40.67006501,-74.03754314
40.86291627,-73.93459958
40.66992558,-74.03755241
40.86305053,-73.93451521
40.66978614,-74.03756168
40.86318476,-73.93443085
40.66964671,-74.03757095
40.86331898,-73.93434651
40.66950728,-74.03758022
40.86345318,-73.93426217
40.66936784,-74.0375895
40.86358736,-73.93417785
40.66922841,-74.03759877
40.86372153,-73.93409354
40.66908898,-74.03760804
40.86385567,-73.93400924
40.66894954,-74.03761731
40.8639898,-73.93392495
40.66881011,-74.03762659
40.86412391,-73.93384067
40.66867068,-74.03763586
40.864258,-73.9337564
40.66853124,-74.03764513
40.86439207,-73.93367214
40.86814543,-73.86708523
40.66839181,-74.0376544
40.86452613,-73.9335879
40.86830366,-73.86708522
40.66825238,-74.03766367
40.86466017,-73.93350366
40.86846188,-73.86708522
40.66811294,-74.03767294
40.86479419,-73.93341944
40.86862011,-73.86708521
40.66797351,-74.03768222
40.86492819,-73.93333522
40.86877833,-73.86708521
40.66783408,-74.03769149
40.86506217,-73.93325102
40.86893656,-73.86708521
40.66769464,-74.03770076
40.86519614,-73.93316683
40.86909478,-73.8670852
40.66755521,-74.03771003
40.86533008,-73.93308265
40.86925301,-73.8670852
40.66741578,-74.0377193
40.86546401,-73.93299848
40.86941123,-73.86708519
40.66727634,-74.03772857
40.86559792,-73.93291432
40.86956946,-73.86708519
40.66713691,-74.03773785
40.86573182,-73.93283017
40.86972768,-73.86708519
40.66699747,-74.03774712
40.86586569,-73.93274604
40.86988591,-73.86708518
40.66685804,-74.03775639
40.86599955,-73.93266191
40.87004413,-73.86708518
40.66671861,-74.03776566
40.86613339,-73.9325778
40.87020236,-73.86708517
40.66657917,-74.03777493
40.86626721,-73.93249369
40.87036058,-73.86708517
40.66643974,-74.0377842
40.86640102,-73.9324096
40.87051881,-73.86708517
40.66630031,-74.03779348
40.8665348,-73.93232551
40.87067703,-73.86708516
40.66616087,-74.03780275
40.86666857,-73.93224144
40.87083526,-73.86708516
40.66602144,-74.03781202
40.87099348,-73.86708515
40.66588201,-74.03782129
40.87115171,-73.86708515
40.66574257,-74.03783056
40.87130993,-73.86708515
40.66560314,-74.03783983
40.87146816,-73.86708514
40.87162638,-73.86708514
40.87178461,-73.86708513
40.87194284,-73.86708513
40.87210106,-73.86708513
40.87225929,-73.86708512
40.87241751,-73.86708512
40.87257574,-73.86708512
40.87273396,-73.86708511
40.87289219,-73.86708511
40.87305041,-73.8670851
40.87320864,-73.8670851
40.87336686,-73.8670851
40.87352509,-73.86708509
40.87368331,-73.86708509
40.81962805,-73.89095417
40.87384154,-73.86708508
40.81972723,-73.89082433
40.87399976,-73.86708508
40.8198264,-73.89069448
40.87415799,-73.86708508
40.81992557,-73.89056464
40.87431621,-73.86708507
40.82002475,-73.89043479
40.87447444,-73.86708507
40.82012392,-73.89030494
40.87463266,-73.86708506
40.82022309,-73.89017509
40.87479089,-73.86708506
40.82032227,-73.89004525
40.87494911,-73.86708506
40.82042144,-73.8899154
40.87510734,-73.86708505
40.82052061,-73.88978555
40.87526556,-73.86708505
40.82061978,-73.8896557
40.87542379,-73.86708504
40.82071896,-73.88952585
40.87558201,-73.86708504
40.82081813,-73.889396
40.87574024,-73.86708504
40.8209173,-73.88926615
40.87589847,-73.86708503
40.82101647,-73.8891363
40.87605669,-73.86708503
40.82111564,-73.88900645
40.87621492,-73.86708502
40.82121481,-73.8888766
40.87637314,-73.86708502
40.82131399,-73.88874674
40.87653137,-73.86708502
40.82141316,-73.88861689
40.87668959,-73.86708501
40.82151233,-73.88848704
40.87684782,-73.86708501
40.8216115,-73.88835719
40.87700604,-73.86708501
40.82171067,-73.88822733
40.87716971,-73.86707111
40.82180984,-73.88809748
40.87733952,-73.86700751
40.82190901,-73.88796762
40.87749615,-73.86689956
40.82200818,-73.88783777
40.87764902,-73.86678206
40.82210735,-73.88770791
40.87780188,-73.86666456
40.82220652,-73.88757806
40.87795473,-73.86654707
40.82230569,-73.8874482
40.87810758,-73.86642958
40.82240486,-73.88731835
40.87826042,-73.8663121
40.82250403,-73.88718849
40.87841325,-73.86619462
40.8226032,-73.88705863
40.87856607,-73.86607715
40.82270237,-73.88692878
40.87871888,-73.86595968
40.82280154,-73.88679892
40.87887169,-73.86584222
40.82290071,-73.88666906
40.87902449,-73.86572477
40.82299988,-73.8865392
40.87917728,-73.86560732
40.82309905,-73.88640934
40.87933006,-73.86548987
40.82319822,-73.88627948
40.87948284,-73.86537244
40.82329738,-73.88614962
40.8796356,-73.865255
40.82339655,-73.88601976
40.87978836,-73.86513757
40.87994111,-73.86502015
40.88009386,-73.86490273
40.88024659,-73.86478532
40.88039932,-73.86466792
40.88055204,-73.86455052
40.88070475,-73.86443312
40.88085746,-73.86431573
40.88101015,-73.86419835
40.88116284,-73.86408097
40.79564783,-73.87958641
40.88131552,-73.86396359
40.79559978,-73.87938781
40.88146819,-73.86384622
40.79552742,-73.87920196
40.88162086,-73.86372886
40.79545435,-73.87901658
40.88177352,-73.8636115
40.79538129,-73.87883119
40.88192617,-73.86349415
40.79530822,-73.87864581
40.88207881,-73.8633768
40.79523516,-73.87846042
40.88223144,-73.86325946
40.79516209,-73.87827504
40.88238407,-73.86314213
40.79508902,-73.87808966
40.88253669,-73.8630248
40.79501596,-73.87790428
40.8826893,-73.86290747
40.79494289,-73.87771889
40.8828419,-73.86279015
40.79486982,-73.87753351
40.88299449,-73.86267284
40.79479675,-73.87734813
40.88314708,-73.86255553
40.79472369,-73.87716275
40.88329966,-73.86243822
40.79465062,-73.87697737
40.88345223,-73.86232092
40.79457755,-73.87679199
40.88360479,-73.86220363
40.79450448,-73.87660661
40.88375735,-73.86208634
40.79443141,-73.87642123
40.88390989,-73.86196906
40.79435834,-73.87623585
40.79428527,-73.87605048
40.7942122,-73.8758651
40.79413913,-73.87567972
40.79406606,-73.87549434
40.79399299,-73.87530897
40.79391992,-73.87512359
40.79384684,-73.87493821
40.79377377,-73.87475284
40.7937007,-73.87456746
40.79362763,-73.87438209
40.79355455,-73.87419672
40.83789931,-73.86950149
40.79348148,-73.87401134
40.83803914,-73.86945459
40.79340841,-73.87382597
40.83817897,-73.86940769
40.79333533,-73.8736406
40.83831881,-73.8693608
40.79326226,-73.87345522
40.83845864,-73.8693139
40.79318918,-73.87326985
40.83859847,-73.869267
40.79311611,-73.87308448
40.83873831,-73.8692201
40.79304303,-73.87289911
40.83887814,-73.8691732
40.79296996,-73.87271374
40.83901797,-73.86912631
40.79289688,-73.87252837
40.8391578,-73.86907941
40.79282381,-73.872343
40.83929764,-73.86903251
40.79275073,-73.87215763
40.83943747,-73.86898561
40.79267765,-73.87197226
40.8395773,-73.86893871
40.79260458,-73.87178689
40.83971714,-73.86889181
40.7925315,-73.87160152
40.83985697,-73.86884491
40.79245842,-73.87141615
40.8399968,-73.86879801
40.79238534,-73.87123079
40.84013663,-73.86875111
40.79231227,-73.87104542
40.84027647,-73.86870421
40.79223919,-73.87086005
40.8404163,-73.86865731
40.79216611,-73.87067469
40.84055613,-73.86861041
40.79209303,-73.87048932
40.84069597,-73.86856351
40.79201995,-73.87030395
40.8408358,-73.8685166
40.79194687,-73.87011859
40.84097563,-73.8684697
40.79187379,-73.86993322
40.84111546,-73.8684228
40.79180071,-73.86974786
40.8412553,-73.8683759
40.79172763,-73.8695625
40.84139513,-73.868329
40.79165455,-73.86937713
40.84153496,-73.8682821
40.79158147,-73.86919177
40.84167479,-73.86823519
40.79150839,-73.86900641
40.84181463,-73.86818829
40.79143531,-73.86882104
40.84195446,-73.86814139
40.79136223,-73.86863568
40.84209429,-73.86809448
40.79128914,-73.86845032
40.84223412,-73.86804758
40.79121606,-73.86826496
40.84237396,-73.86800068
40.79114298,-73.8680796
40.84251379,-73.86795377
40.79106989,-73.86789424
40.84265362,-73.86790687
40.79099681,-73.86770888
40.84279345,-73.86785997
40.79092373,-73.86752352
40.84293329,-73.86781306
40.79085064,-73.86733816
40.84307312,-73.86776616
40.79077756,-73.8671528
40.84321295,-73.86771925
40.79070447,-73.86696744
40.84335278,-73.86767235
40.79063139,-73.86678209
40.84349262,-73.86762544
40.7905583,-73.86659673
40.84363245,-73.86757854
40.79048522,-73.86641137
40.84377228,-73.86753163
40.79041213,-73.86622601
40.84391211,-73.86748473
40.79033905,-73.86604066
40.84405195,-73.86743782
40.79026596,-73.8658553
40.84419178,-73.86739092
40.79019287,-73.86566995
40.84433161,-73.86734401
40.79011979,-73.86548459
40.84447144,-73.8672971
40.7900467,-73.86529924
40.84461128,-73.8672502
40.78997361,-73.86511388
40.84475111,-73.86720329
40.78990052,-73.86492853
40.84489094,-73.86715638
40.78982744,-73.86474318
40.84503077,-73.86710948
40.78975435,-73.86455782
40.8451706,-73.86706257
40.78968126,-73.86437247
40.84531044,-73.86701566
40.78960817,-73.86418712
40.84545027,-73.86696875
40.78953508,-73.86400177
40.64510642,-74.03920227
40.8455901,-73.86692185
40.78946199,-73.86381642
40.64496699,-74.03921153
40.84572993,-73.86687494
40.7893889,-73.86363107
40.64482756,-74.0392208
40.84586976,-73.86682803
40.78931581,-73.86344572
40.64468812,-74.03923006
40.8460096,-73.86678112
40.78924272,-73.86326037
40.64454869,-74.03923933
40.84614943,-73.86673421
40.78916963,-73.86307502
40.64440926,-74.03924859
40.84628926,-73.8666873
40.78909654,-73.86288967
40.64426982,-74.03925786
40.84642909,-73.86664039
40.78902345,-73.86270432
40.64413039,-74.03926712
40.84656892,-73.86659348
40.78895036,-73.86251897
40.64399096,-74.03927639
40.84670876,-73.86654657
40.78887726,-73.86233362
40.64385152,-74.03928565
40.84684859,-73.86649966
40.78880417,-73.86214827
40.64371209,-74.03929492
40.84698842,-73.86645275
40.78873108,-73.86196293
40.64357265,-74.03930418
40.84712825,-73.86640584
40.78865799,-73.86177758
40.64343322,-74.03931345
40.84726808,-73.86635893
40.78858489,-73.86159223
40.64329379,-74.03932271
40.84740792,-73.86631202
40.7885118,-73.86140689
40.64315435,-74.03933198
40.84754775,-73.86626511
40.78843871,-73.86122154
40.64301492,-74.03934124
40.84768758,-73.8662182
40.78836561,-73.8610362
40.64287549,-74.03935051
40.84782741,-73.86617129
40.78829252,-73.86085085
40.64273605,-74.03935977
40.84796724,-73.86612438
40.78821942,-73.86066551
40.64259662,-74.03936904
40.84810707,-73.86607747
40.78814633,-73.86048016
40.64245719,-74.0393783
40.84824691,-73.86603056
40.78807323,-73.86029482
40.64231775,-74.03938757
40.84838674,-73.86598364
40.78800014,-73.86010948
40.64217832,-74.03939683
40.84852657,-73.86593673
40.78792659,-73.85992327
40.64203889,-74.0394061
40.8486664,-73.86588982
40.78782529,-73.85973157
40.64189945,-74.03941536
40.84880623,-73.86584291
40.78769631,-73.8595631
40.64176002,-74.03942462
40.84894607,-73.865796
40.7875643,-73.8593986
40.64162059,-74.03943389
40.8490859,-73.86574908
40.78743229,-73.8592341
40.64148115,-74.03944315
40.84922605,-73.86570403
40.78730027,-73.8590696
40.64134172,-74.03945242
40.84936978,-73.86569584
40.78716826,-73.8589051
40.64120228,-74.03946168
40.84951373,-73.86570829
40.78703625,-73.8587406
40.64106285,-74.03947095
40.84965769,-73.86572073
40.78690424,-73.8585761
40.64092342,-74.03948021
40.84980165,-73.86573317
40.78677222,-73.85841161
40.64078398,-74.03948948
40.8499456,-73.86574561
40.78664021,-73.85824711
40.64064455,-74.03949874
40.85008956,-73.86575806
40.78650819,-73.85808262
40.64050512,-74.039508
40.85023352,-73.8657705
40.78637618,-73.85791812
40.64036568,-74.03951727
40.85037747,-73.86578294
40.78624416,-73.85775363
40.64022625,-74.03952653
40.85052143,-73.86579539
40.78611215,-73.85758913
40.64008682,-74.0395358
40.85066539,-73.86580783
40.78598013,-73.85742464
40.63994738,-74.03954506
40.85080934,-73.86582027
40.78584812,-73.85726015
40.63980795,-74.03955432
40.8509533,-73.86583272
40.7857161,-73.85709566
40.63966852,-74.03956359
40.85109726,-73.86584516
40.78558409,-73.85693117
40.63952908,-74.03957285
40.85124122,-73.8658576
40.78545207,-73.85676667
40.63938965,-74.03958212
40.85138517,-73.86587005
40.78532005,-73.85660219
40.63925022,-74.03959138
40.85152913,-73.86588249
40.78518804,-73.8564377
40.63911078,-74.03960064
40.85167309,-73.86589493
40.78505602,-73.85627321
40.63897135,-74.03960991
40.85181704,-73.86590738
40.784924,-73.85610872
40.63883191,-74.03961917
40.851961,-73.86591982
40.78479199,-73.85594423
40.63869248,-74.03962843
40.85210496,-73.86593226
40.78465997,-73.85577975
40.63855305,-74.0396377
40.85224891,-73.86594471
40.78452795,-73.85561526
40.63841361,-74.03964696
40.85239287,-73.86595715
40.78439593,-73.85545078
40.63827418,-74.03965622
40.85253683,-73.86596959
40.78426392,-73.85528629
40.63813475,-74.03966549
40.85268078,-73.86598204
40.7841319,-73.85512181
40.63799531,-74.03967475
40.85282474,-73.86599448
40.78399988,-73.85495732
40.63785588,-74.03968402
40.8529687,-73.86600692
40.78386786,-73.85479284
40.63771645,-74.03969328
40.85311265,-73.86601937
40.78373584,-73.85462836
40.63757701,-74.03970254
40.85325661,-73.86603181
40.78360382,-73.85446388
40.63743758,-74.03971181
40.85340057,-73.86604426
40.7834718,-73.8542994
40.63729815,-74.03972107
40.85354453,-73.8660567
40.78333978,-73.85413492
40.63715871,-74.03973033
40.85368848,-73.86606915
40.78320776,-73.85397044
40.63701928,-74.0397396
40.85383244,-73.86608159
40.78307574,-73.85380596
40.63687984,-74.03974886
40.8539764,-73.86609403
40.78294372,-73.85364148
40.63674041,-74.03975812
40.85412035,-73.86610648
40.63660098,-74.03976738
40.85426431,-73.86611892
40.63646154,-74.03977665
40.63632211,-74.03978591
40.63618268,-74.03979517
40.63604324,-74.03980444
40.63590381,-74.0398137
40.63576438,-74.03982296
40.63562494,-74.03983222
40.63548551,-74.03984149
40.63534608,-74.03985075
40.63520664,-74.03986001
40.63506721,-74.03986928
40.63492778,-74.03987854
40.63478834,-74.0398878
40.63464891,-74.03989706
40.63450947,-74.03990633
40.63437004,-74.03991559
40.63423061,-74.03992485
40.63409117,-74.03993411
40.63395174,-74.03994338
40.63381231,-74.03995264
40.63367287,-74.0399619
40.63353344,-74.03997116
40.63339401,-74.03998042
40.63325457,-74.03998969
40.63311514,-74.03999895
40.63297571,-74.04000821
40.63283627,-74.04001747
40.63269684,-74.04002673
40.6325574,-74.040036
40.63241797,-74.04004526
40.63227854,-74.04005452
40.6321391,-74.04006378
40.63199967,-74.04007304
40.63186024,-74.04008231
40.6317208,-74.04009157
40.5914308,-74.05308166
40.59133375,-74.05322223
40.59123671,-74.05336279
40.59113966,-74.05350336
40.59104261,-74.05364392
40.59094556,-74.05378449
40.62080107,-74.04180523
40.59084851,-74.05392505
40.6206307,-74.04183807
40.59075146,-74.05406562
40.62046033,-74.04187091
40.59065441,-74.05420618
40.62028996,-74.04190375
40.59055736,-74.05434675
40.62011959,-74.04193658
40.59046032,-74.05448731
40.61994921,-74.04196942
40.59036327,-74.05462787
40.61977884,-74.04200226
40.59026622,-74.05476844
40.61960847,-74.0420351
40.59016917,-74.054909
40.6194381,-74.04206794
40.59007212,-74.05504956
40.61926772,-74.04210077
40.58997507,-74.05519012
40.61909735,-74.04213361
40.58987802,-74.05533068
40.61892698,-74.04216645
40.58978097,-74.05547124
40.61875661,-74.04219928
40.58968392,-74.0556118
40.61858623,-74.04223212
40.58958686,-74.05575236
40.61841586,-74.04226496
40.58948981,-74.05589292
40.61824549,-74.0422978
40.58939276,-74.05603348
40.61807512,-74.04233063
40.58929571,-74.05617404
40.61790474,-74.04236347
40.58919866,-74.0563146
40.61773437,-74.0423963
40.58910161,-74.05645515
40.617564,-74.04242914
40.58900456,-74.05659571
40.61739362,-74.04246198
40.5889075,-74.05673627
40.61722325,-74.04249481
40.58881045,-74.05687683
40.61705288,-74.04252765
40.5887134,-74.05701738
40.61688251,-74.04256048
40.58861635,-74.05715794
40.61671213,-74.04259332
40.58851929,-74.05729849
40.61654176,-74.04262615
40.58842224,-74.05743905
40.61637139,-74.04265899
40.58832519,-74.0575796
40.61620102,-74.04269182
40.58822813,-74.05772016
40.61603064,-74.04272466
40.58813108,-74.05786071
40.61586027,-74.04275749
40.58803403,-74.05800126
40.6156899,-74.04279032
40.58793697,-74.05814181
40.61551953,-74.04282316
40.58783992,-74.05828237
40.61534915,-74.04285599
40.58774287,-74.05842292
40.61517878,-74.04288882
40.58764581,-74.05856347
40.61500841,-74.04292166
40.58754876,-74.05870402
40.61483804,-74.04295449
40.5874517,-74.05884457
40.61466766,-74.04298732
40.58735465,-74.05898512
40.61449729,-74.04302016
40.61432692,-74.04305299
40.61415654,-74.04308582
40.61398617,-74.04311865
40.6138158,-74.04315149
40.61364543,-74.04318432
40.61347505,-74.04321715
40.61330468,-74.04324998
40.61313431,-74.04328281
40.61296393,-74.04331565
40.61279356,-74.04334848
40.61262319,-74.04338131
40.61245282,-74.04341414
40.61228244,-74.04344697
40.61211207,-74.0434798
40.6119417,-74.04351263
40.61177132,-74.04354546
40.61160095,-74.04357829
40.61143058,-74.04361112
40.61126021,-74.04364395
40.61108983,-74.04367678
40.61091946,-74.04370961
40.61074909,-74.04374244
40.61057871,-74.04377527
40.61040834,-74.0438081
40.61023797,-74.04384092
40.6100676,-74.04387375
40.60989722,-74.04390658
40.60972685,-74.04393941
40.60955648,-74.04397224
40.6093861,-74.04400507
40.60921573,-74.04403789
40.60904536,-74.04407072
40.60887498,-74.04410355
40.60870461,-74.04413637
40.60853424,-74.0441692
40.60836387,-74.04420203
40.60819349,-74.04423486
40.60802312,-74.04426768
40.60785275,-74.04430051
40.60768237,-74.04433333
40.607512,-74.04436616
40.60734163,-74.04439899
40.60717125,-74.04443181
40.60700088,-74.04446464
40.60683051,-74.04449746
40.60666013,-74.04453029
40.60648976,-74.04456311
40.60631939,-74.04459594
40.60614901,-74.04462876
40.60597864,-74.04466159
40.60580827,-74.04469441
40.60563789,-74.04472724
40.60546752,-74.04476006
40.60529715,-74.04479288
40.60512678,-74.04482571
40.6049564,-74.04485853
40.60478603,-74.04489135
40.60461566,-74.04492418
40.60444528,-74.044957
40.60427491,-74.04498982
40.60410454,-74.04502265
40.60393416,-74.04505547
40.60376379,-74.04508829
40.60359342,-74.04512111
40.60342304,-74.04515393
40.60325267,-74.04518676
40.6030823,-74.04521958
40.60291192,-74.0452524
40.60274155,-74.04528522
40.60257118,-74.04531804
40.6024008,-74.04535086
40.60223043,-74.04538368
40.60206006,-74.0454165
40.60188968,-74.04544932
40.60171931,-74.04548215
40.60154893,-74.04551497
40.60137856,-74.04554779
40.60120819,-74.04558061
40.60103781,-74.04561342
40.60086744,-74.04564624
40.60069707,-74.04567906
40.60052669,-74.04571188
40.60035632,-74.0457447
40.60018595,-74.04577752
40.60001557,-74.04581034
40.5998452,-74.04584316
40.59967483,-74.04587598
40.59950445,-74.04590879
40.59933408,-74.04594161
40.59916371,-74.04597443
40.59899333,-74.04600725
40.59882296,-74.04604007
40.59865259,-74.04607288
40.59848221,-74.0461057
40.59831184,-74.04613852
40.59814146,-74.04617133
40.59797109,-74.04620415
40.59780072,-74.04623697
40.59763034,-74.04626978
40.59745997,-74.0463026
40.5972896,-74.04633541
40.59711922,-74.04636823
40.59694885,-74.04640105
40.59677847,-74.04643386
40.5966081,-74.04646668
40.59643773,-74.04649949
40.59626735,-74.04653231
40.59609784,-74.04657072
40.59593722,-74.04665113
40.59579414,-74.04677643
40.59567338,-74.04693776
40.59555755,-74.04710555
40.59544173,-74.04727334
40.5953259,-74.04744113
40.59521007,-74.04760892
40.59509425,-74.04777671
40.59497842,-74.04794449
40.59486259,-74.04811228
40.59474677,-74.04828007
40.59463094,-74.04844785
40.59451511,-74.04861564
40.59439928,-74.04878342
40.59428346,-74.04895121
40.59416763,-74.04911899
40.5940518,-74.04928677
40.59393597,-74.04945456
40.59382014,-74.04962234
40.59370431,-74.04979012
40.59358848,-74.0499579
40.59347265,-74.05012568
40.59335682,-74.05029346
40.59324099,-74.05046124
40.59312516,-74.05062902
40.59300933,-74.0507968
40.5928935,-74.05096457
40.59277767,-74.05113235
40.59266184,-74.05130013
40.59254601,-74.0514679
40.59243017,-74.05163568
40.59231434,-74.05180345
40.59219851,-74.05197122
40.59208268,-74.052139
40.59196684,-74.05230677
40.59185101,-74.05247454
40.59173518,-74.05264231
40.59161934,-74.05281008
40.59150351,-74.05297786
40.59138768,-74.05314562
40.59127184,-74.05331339
40.59115601,-74.05348116
40.59104017,-74.05364893
40.59092434,-74.0538167
40.5908085,-74.05398446
40.59069267,-74.05415223
40.59057683,-74.05432
40.59046099,-74.05448776
40.59034516,-74.05465553
40.59022932,-74.05482329
40.59011348,-74.05499105
40.58999765,-74.05515882
40.58988181,-74.05532658
40.58976597,-74.05549434
40.58965014,-74.0556621
40.5895343,-74.05582986
40.58941846,-74.05599762
40.58930262,-74.05616538
40.58918678,-74.05633314
40.58907094,-74.0565009
40.5889551,-74.05666865
40.58883926,-74.05683641
40.58872342,-74.05700417
40.58860758,-74.05717192
40.58849174,-74.05733968
40.5883759,-74.05750743
40.58826006,-74.05767519
40.58814422,-74.05784294
40.58802838,-74.05801069
40.58791254,-74.05817845
40.5877967,-74.0583462
40.58768086,-74.05851395
40.58756501,-74.0586817
40.58744917,-74.05884945
40.58733333,-74.0590172
40.58721749,-74.05918495
40.58710164,-74.05935269
40.5869858,-74.05952044
40.58686996,-74.05968819
40.58675411,-74.05985594
40.58663827,-74.06002368
40.58652242,-74.06019143
40.58640658,-74.06035917
40.58629073,-74.06052692
40.58617489,-74.06069466
40.58605904,-74.0608624
40.5859432,-74.06103014
40.58582735,-74.06119789
40.58571151,-74.06136563
40.58559566,-74.06153337
40.58547981,-74.06170111
40.58536397,-74.06186885
40.58524812,-74.06203659
40.58513227,-74.06220433
40.58501643,-74.06237206
40.58490058,-74.0625398
40.58478473,-74.06270754
40.58466888,-74.06287527
40.58455303,-74.06304301
40.58443718,-74.06321074
40.58432134,-74.06337848
40.58420549,-74.06354621
40.57600692,-74.07542994
40.57590659,-74.07557483
40.57580626,-74.07571971
40.57570593,-74.07586459
40.57560559,-74.07600948
40.57550526,-74.07615436
40.57540493,-74.07629924
40.5753046,-74.07644412
40.57520426,-74.076589
40.57510393,-74.07673388
40.5750036,-74.07687876
40.57490326,-74.07702364
40.57480293,-74.07716852
40.57470259,-74.0773134
40.57460226,-74.07745828
40.57450193,-74.07760316
40.57440159,-74.07774804
40.57430126,-74.07789291
40.57420092,-74.07803779
40.57410059,-74.07818266
40.57400025,-74.07832754
40.57389992,-74.07847242
40.57379958,-74.07861729
40.57369924,-74.07876217
40.57359891,-74.07890704
40.57349857,-74.07905191
40.57339824,-74.07919679
40.5732979,-74.07934166
40.57319756,-74.07948653
40.57309723,-74.0796314
40.57299689,-74.07977627
40.57289655,-74.07992114
40.57279621,-74.08006602
40.57269588,-74.08021089
40.57259554,-74.08035575
40.84767839,-73.92752998
40.5724952,-74.08050062
40.84781894,-73.92744817
40.57239486,-74.08064549
40.84795949,-73.92736636
40.57229452,-74.08079036
40.84810004,-73.92728455
40.57219419,-74.08093523
40.84824059,-73.92720274
40.57209385,-74.0810801
40.84838114,-73.92712092
40.57199351,-74.08122496
40.84852169,-73.92703911
40.57189317,-74.08136983
40.84866224,-73.9269573
40.57179283,-74.0815147
40.84880279,-73.92687549
40.57169249,-74.08165956
40.84894335,-73.92679368
40.57159215,-74.08180443
40.8490839,-73.92671186
40.57149181,-74.08194929
40.84922445,-73.92663005
40.57139147,-74.08209416
40.849365,-73.92654824
40.57129113,-74.08223902
40.84950555,-73.92646642
40.57119079,-74.08238388
40.8496461,-73.92638461
40.57108531,-74.08252824
40.84978664,-73.92630279
40.57097724,-74.08267189
40.84992719,-73.92622098
40.57086918,-74.08281554
40.85006774,-73.92613916
40.57076112,-74.08295919
40.85019885,-73.92605025
40.57065305,-74.08310284
40.85032402,-73.92595541
40.85044918,-73.92586058
40.85057435,-73.92576575
40.85069951,-73.92567091
40.85082468,-73.92557608
40.85094984,-73.92548124
40.85107501,-73.92538641
40.85120017,-73.92529157
40.85132534,-73.92519673
40.8514505,-73.9251019
40.85157567,-73.92500706
40.85170083,-73.92491222
40.851826,-73.92481738
40.85195116,-73.92472254
40.85207633,-73.92462771
40.85220149,-73.92453287
40.85232665,-73.92443803
40.85245182,-73.92434319
40.85257698,-73.92424835
40.85270215,-73.92415351
40.85282731,-73.92405867
40.85295247,-73.92396382
40.85307764,-73.92386898
40.8532028,-73.92377414
40.85332796,-73.9236793
40.85345313,-73.92358446
40.85357829,-73.92348961
40.85370345,-73.92339477
40.85382862,-73.92329993
40.85395378,-73.92320508
40.85407894,-73.92311024
40.85420411,-73.92301539
40.85432927,-73.92292055
40.85445443,-73.9228257
40.8545796,-73.92273086
40.85470476,-73.92263601
40.85482992,-73.92254116
40.85495508,-73.92244632
40.85508025,-73.92235147
40.85520541,-73.92225662
40.85533057,-73.92216177
40.85545573,-73.92206693
40.85558089,-73.92197208
40.85570606,-73.92187723
40.85583122,-73.92178238
40.85595638,-73.92168753
40.85608154,-73.92159268
40.8562067,-73.92149783
40.85633187,-73.92140298
40.85645703,-73.92130813
40.85658219,-73.92121327
40.85670735,-73.92111842
40.85683251,-73.92102357
40.85695767,-73.92092872
40.85708283,-73.92083386
40.86858361,-73.91217257
40.86873339,-73.91206027
40.86888318,-73.91194797
40.86903297,-73.91183567
40.86918275,-73.91172337
40.86933254,-73.91161106
40.86948233,-73.91149876
40.86963211,-73.91138645
40.8697819,-73.91127415
40.86993168,-73.91116184
40.87008147,-73.91104954
40.87023125,-73.91093723
40.87038104,-73.91082492
40.8705304,-73.91072394
40.87067908,-73.91067491
40.87083244,-73.91067243
40.87098592,-73.91067955
40.87113939,-73.91068667
40.87129287,-73.91069378
40.87144635,-73.9107009
40.87159983,-73.91070802
40.8717533,-73.91071513
40.87190678,-73.91072225
40.87206026,-73.91072937
40.87222306,-73.91075502
40.87239823,-73.91083423
40.872558,-73.91095971
40.87270291,-73.91111421
40.87284729,-73.91126959
40.87299167,-73.91142497
40.87313605,-73.91158036
40.87327367,-73.91173725
40.87337111,-73.91190489
40.87343874,-73.91209385
40.8735021,-73.91228552
40.87356544,-73.91247713
40.87362876,-73.91266869
40.87369206,-73.9128602
40.87375535,-73.91305167
40.87381862,-73.91324308
40.87388187,-73.91343444
40.87394511,-73.91362575
40.87400833,-73.91381701
40.87407153,-73.91400822
40.87413471,-73.91419938
40.87419788,-73.91439049
40.87426103,-73.91458155
40.87432417,-73.91477256
40.87438728,-73.91496352
40.87445038,-73.91515443
40.87451347,-73.91534529
40.87457055,-73.91551801
